HW,Cin,latency
224,3,0.134
224,8,0.142
224,13,0.148
224,18,0.163
224,23,0.171
224,28,0.176
224,33,0.193
224,38,0.206
224,43,0.237
224,48,0.245
224,53,0.263
224,58,0.28
224,63,0.307
224,68,0.315
224,73,0.35
224,78,0.349
224,83,0.414
224,88,0.424
224,93,0.446
224,98,0.466
224,103,0.462
224,108,0.484
224,113,0.486
224,118,0.504
224,123,0.527
224,128,0.558
224,133,0.565
224,138,0.564
224,143,0.573
224,148,0.613
224,153,0.631
224,158,0.626
224,163,0.675
224,168,0.693
224,173,0.688
224,178,0.705
224,183,0.713
224,188,0.725
224,193,0.742
224,198,0.758
224,203,0.777
224,208,0.782
224,213,0.799
224,218,0.81
224,223,0.833
224,228,0.85
224,233,0.859
224,238,0.902
224,243,0.913
224,248,0.919
224,253,0.936
224,258,0.941
224,263,0.954
224,268,0.951
224,273,0.968
224,278,0.978
224,283,1.008
224,288,1.036
224,293,1.022
224,298,1.037
224,303,1.057
224,308,1.103
224,313,1.105
224,318,1.104
224,323,1.144
224,328,1.164
224,333,1.144
224,338,1.164
224,343,1.173
224,348,1.185
224,353,1.2
224,358,1.215
224,363,1.229
224,368,1.232
224,373,1.258
224,378,1.279
224,383,1.289
224,388,1.299
224,393,1.307
224,398,1.315
224,403,1.35
224,408,1.369
224,413,1.373
224,418,1.381
224,423,1.38
224,428,1.39
224,433,1.417
224,438,1.435
224,443,1.455
224,448,1.474
224,453,1.469
224,458,1.487
224,463,1.597
224,468,1.534
224,473,1.525
224,478,1.533
224,483,1.588
224,488,1.573
224,493,1.599
224,498,1.61
224,503,1.619
224,508,1.63
224,513,1.649
224,518,1.648
224,523,1.664
224,528,1.681
224,533,1.711
224,538,1.719
224,543,1.734
224,548,1.746
224,553,1.756
224,558,7.173
224,563,1.787
224,568,1.807
224,573,1.815
224,578,1.822
224,583,1.818
224,588,1.849
224,593,1.851
224,598,1.865
224,603,1.879
224,608,1.916
224,613,1.902
224,618,1.909
224,623,1.916
224,628,1.963
224,633,1.964
224,638,1.975
224,643,1.989
224,648,2.026
224,653,2.012
224,658,2.034
224,663,2.04
224,668,2.043
224,673,2.068
224,678,2.084
224,683,2.097
224,688,2.1
224,693,2.112
224,698,2.118
224,703,2.144
224,708,2.137
224,713,2.18
224,718,2.177
224,723,2.208
224,728,2.218
224,733,2.229
224,738,2.23
224,743,2.236
224,748,2.254
224,753,2.272
224,758,2.266
224,763,2.305
224,768,2.309
224,773,2.315
224,778,2.345
224,783,2.361
224,788,2.352
224,793,2.374
224,798,2.399
224,803,2.398
224,808,2.425
224,813,2.452
224,818,2.451
224,823,2.461
224,828,2.474
224,833,2.47
224,838,2.498
224,843,2.502
224,848,2.53
224,853,2.541
224,858,2.569
224,863,2.563
224,868,2.555
224,873,2.582
224,878,2.6
224,883,2.621
224,888,2.627
224,893,2.646
224,898,2.641
224,903,2.662
224,908,2.666
224,913,2.692
224,918,2.702
224,923,2.697
224,928,2.716
224,933,2.763
224,938,2.761
224,943,2.759
224,948,2.771
224,953,2.783
224,958,2.811
224,963,2.834
224,968,2.835
224,973,2.857
224,978,2.84
224,983,2.89
224,988,2.88
224,993,2.911
224,998,2.896
224,1003,2.924
224,1008,2.94
224,1013,2.953
224,1018,2.991
224,1023,2.98
112,3,0.089
112,8,0.109
112,13,0.108
112,18,0.119
112,23,0.108
112,28,0.118
112,33,0.113
112,38,0.116
112,43,0.118
112,48,0.12
112,53,0.126
112,58,0.123
112,63,0.124
112,68,0.134
112,73,0.134
112,78,0.137
112,83,0.146
112,88,0.146
112,93,0.151
112,98,0.152
112,103,0.152
112,108,0.159
112,113,0.155
112,118,0.165
112,123,0.168
112,128,0.171
112,133,0.177
112,138,0.178
112,143,0.189
112,148,0.196
112,153,0.194
112,158,0.213
112,163,0.217
112,168,0.213
112,173,0.215
112,178,0.221
112,183,0.23
112,188,0.223
112,193,0.229
112,198,0.234
112,203,0.231
112,208,0.253
112,213,0.246
112,218,0.254
112,223,0.246
112,228,0.256
112,233,0.255
112,238,0.259
112,243,0.275
112,248,0.287
112,253,0.277
112,258,0.276
112,263,0.28
112,268,0.294
112,273,0.294
112,278,0.299
112,283,0.293
112,288,0.295
112,293,0.3
112,298,0.31
112,303,0.315
112,308,0.319
112,313,0.328
112,318,0.33
112,323,0.344
112,328,0.34
112,333,0.345
112,338,0.341
112,343,0.347
112,348,0.349
112,353,0.355
112,358,0.354
112,363,0.372
112,368,0.377
112,373,0.372
112,378,0.374
112,383,0.362
112,388,0.366
112,393,0.374
112,398,0.374
112,403,0.388
112,408,0.396
112,413,0.442
112,418,0.428
112,423,0.416
112,428,0.412
112,433,0.425
112,438,0.438
112,443,0.44
112,448,0.429
112,453,0.471
112,458,0.442
112,463,0.452
112,468,0.459
112,473,0.46
112,478,0.463
112,483,0.463
112,488,0.47
112,493,0.468
112,498,0.473
112,503,0.483
112,508,0.496
112,513,0.485
112,518,0.482
112,523,0.486
112,528,0.503
112,533,0.499
112,538,0.501
112,543,0.496
112,548,0.501
112,553,0.502
112,558,0.515
112,563,0.513
112,568,0.517
112,573,0.529
112,578,0.561
112,583,0.525
112,588,0.535
112,593,0.54
112,598,0.575
112,603,0.579
112,608,0.555
112,613,0.559
112,618,0.552
112,623,0.557
112,628,0.562
112,633,0.56
112,638,0.56
112,643,0.571
112,648,0.581
112,653,0.589
112,658,0.58
112,663,0.586
112,668,0.583
112,673,0.591
112,678,0.589
112,683,0.598
112,688,0.607
112,693,0.601
112,698,0.608
112,703,0.615
112,708,0.617
112,713,0.618
112,718,0.626
112,723,0.622
112,728,0.632
112,733,0.634
112,738,0.637
112,743,0.638
112,748,0.644
112,753,0.64
112,758,0.644
112,763,0.646
112,768,0.651
112,773,0.657
112,778,0.657
112,783,0.666
112,788,0.668
112,793,0.67
112,798,0.671
112,803,0.683
112,808,0.68
112,813,0.685
112,818,0.688
112,823,0.686
112,828,0.701
112,833,0.697
112,838,0.693
112,843,0.707
112,848,0.715
112,853,0.713
112,858,0.73
112,863,0.726
112,868,0.726
112,873,0.729
112,878,0.736
112,883,0.74
112,888,0.744
112,893,0.747
112,898,0.747
112,903,0.746
112,908,0.751
112,913,0.756
112,918,0.749
112,923,0.761
112,928,0.769
112,933,0.784
112,938,0.772
112,943,0.773
112,948,0.767
112,953,0.776
112,958,0.782
112,963,0.782
112,968,0.782
112,973,0.793
112,978,0.795
112,983,0.798
112,988,0.803
112,993,0.799
112,998,0.796
112,1003,0.808
112,1008,0.813
112,1013,0.815
112,1018,0.822
112,1023,0.82
56,3,0.089
56,8,0.089
56,13,0.094
56,18,0.098
56,23,0.1
56,28,0.12
56,33,0.101
56,38,0.106
56,43,0.11
56,48,0.12
56,53,0.104
56,58,0.11
56,63,0.106
56,68,0.106
56,73,0.115
56,78,0.113
56,83,0.112
56,88,0.137
56,93,0.111
56,98,0.11
56,103,0.118
56,108,0.113
56,113,0.117
56,118,0.111
56,123,0.119
56,128,0.114
56,133,0.12
56,138,0.116
56,143,0.115
56,148,0.119
56,153,0.117
56,158,0.119
56,163,0.125
56,168,0.125
56,173,0.126
56,178,0.123
56,183,0.124
56,188,0.124
56,193,0.136
56,198,0.126
56,203,0.128
56,208,0.135
56,213,0.129
56,218,0.126
56,223,0.132
56,228,0.135
56,233,0.131
56,238,0.131
56,243,0.14
56,248,0.141
56,253,0.147
56,258,0.141
56,263,0.14
56,268,0.14
56,273,0.138
56,278,0.141
56,283,0.144
56,288,0.143
56,293,0.144
56,298,0.143
56,303,0.149
56,308,0.146
56,313,0.145
56,318,0.146
56,323,0.153
56,328,0.151
56,333,0.153
56,338,0.157
56,343,0.155
56,348,0.152
56,353,0.157
56,358,0.16
56,363,0.161
56,368,0.162
56,373,0.168
56,378,0.164
56,383,0.159
56,388,0.163
56,393,0.168
56,398,0.164
56,403,0.172
56,408,0.175
56,413,0.168
56,418,0.17
56,423,0.171
56,428,0.172
56,433,0.174
56,438,0.172
56,443,0.17
56,448,0.174
56,453,0.173
56,458,0.175
56,463,0.176
56,468,0.177
56,473,0.172
56,478,0.175
56,483,0.183
56,488,0.186
56,493,0.185
56,498,0.181
56,503,0.19
56,508,0.188
56,513,0.186
56,518,0.186
56,523,0.186
56,528,0.19
56,533,0.19
56,538,0.194
56,543,0.191
56,548,0.184
56,553,0.191
56,558,0.196
56,563,0.196
56,568,0.194
56,573,0.196
56,578,0.199
56,583,0.203
56,588,0.199
56,593,0.197
56,598,0.205
56,603,0.214
56,608,0.198
56,613,0.205
56,618,0.206
56,623,0.208
56,628,0.205
56,633,0.206
56,638,0.203
56,643,0.209
56,648,0.215
56,653,0.213
56,658,0.217
56,663,0.217
56,668,0.208
56,673,0.22
56,678,0.222
56,683,0.218
56,688,0.217
56,693,0.223
56,698,0.217
56,703,0.214
56,708,0.214
56,713,0.215
56,718,0.218
56,723,0.22
56,728,0.222
56,733,0.221
56,738,0.223
56,743,0.225
56,748,0.222
56,753,0.23
56,758,0.257
56,763,0.269
56,768,0.263
56,773,0.236
56,778,0.241
56,783,0.237
56,788,0.234
56,793,0.232
56,798,0.24
56,803,0.241
56,808,0.239
56,813,0.248
56,818,0.246
56,823,0.238
56,828,0.257
56,833,0.25
56,838,0.243
56,843,0.255
56,848,0.251
56,853,0.246
56,858,0.251
56,863,0.253
56,868,0.245
56,873,0.253
56,878,0.256
56,883,0.247
56,888,0.263
56,893,0.255
56,898,0.271
56,903,0.274
56,908,0.264
56,913,0.268
56,918,0.279
56,923,0.264
56,928,0.274
56,933,0.279
56,938,0.265
56,943,0.279
56,948,0.278
56,953,0.268
56,958,0.289
56,963,0.279
56,968,0.278
56,973,0.298
56,978,0.282
56,983,0.284
56,988,0.283
56,993,0.289
56,998,0.293
56,1003,0.277
56,1008,0.294
56,1013,0.297
56,1018,0.291
56,1023,0.296
32,3,0.089
32,8,0.091
32,13,0.094
32,18,0.091
32,23,0.092
32,28,0.099
32,33,0.128
32,38,0.091
32,43,0.098
32,48,0.095
32,53,0.107
32,58,0.094
32,63,0.093
32,68,0.101
32,73,0.098
32,78,0.098
32,83,0.099
32,88,0.098
32,93,0.106
32,98,0.1
32,103,0.101
32,108,0.11
32,113,0.103
32,118,0.11
32,123,0.11
32,128,0.111
32,133,0.104
32,138,0.117
32,143,0.11
32,148,0.11
32,153,0.121
32,158,0.107
32,163,0.118
32,168,0.113
32,173,0.109
32,178,0.121
32,183,0.106
32,188,0.108
32,193,0.109
32,198,0.105
32,203,0.111
32,208,0.122
32,213,0.109
32,218,0.128
32,223,0.121
32,228,0.127
32,233,0.115
32,238,0.11
32,243,0.115
32,248,0.124
32,253,0.119
32,258,0.122
32,263,0.12
32,268,0.126
32,273,0.117
32,278,0.121
32,283,0.121
32,288,0.12
32,293,0.123
32,298,0.12
32,303,0.128
32,308,0.12
32,313,0.132
32,318,0.121
32,323,0.127
32,328,0.129
32,333,0.131
32,338,0.128
32,343,0.131
32,348,0.128
32,353,0.126
32,358,0.128
32,363,0.137
32,368,0.128
32,373,0.136
32,378,0.13
32,383,0.136
32,388,0.129
32,393,0.131
32,398,0.133
32,403,0.136
32,408,0.13
32,413,0.132
32,418,0.14
32,423,0.134
32,428,0.136
32,433,0.138
32,438,0.137
32,443,0.142
32,448,0.139
32,453,0.136
32,458,0.139
32,463,0.137
32,468,0.141
32,473,0.14
32,478,0.14
32,483,0.143
32,488,0.147
32,493,0.145
32,498,0.144
32,503,0.145
32,508,0.143
32,513,0.145
32,518,0.147
32,523,0.146
32,528,0.141
32,533,0.142
32,538,0.144
32,543,0.153
32,548,0.146
32,553,0.151
32,558,0.148
32,563,0.151
32,568,0.153
32,573,0.156
32,578,0.163
32,583,0.155
32,588,0.15
32,593,0.152
32,598,0.15
32,603,0.155
32,608,0.156
32,613,0.165
32,618,0.161
32,623,0.162
32,628,0.162
32,633,0.162
32,638,0.16
32,643,0.16
32,648,0.166
32,653,0.157
32,658,0.157
32,663,0.159
32,668,0.158
32,673,0.164
32,678,0.161
32,683,0.16
32,688,0.16
32,693,0.162
32,698,0.164
32,703,0.169
32,708,0.168
32,713,0.169
32,718,0.174
32,723,0.171
32,728,0.168
32,733,0.174
32,738,0.17
32,743,0.172
32,748,0.175
32,753,0.173
32,758,0.175
32,763,0.17
32,768,0.175
32,773,0.179
32,778,0.173
32,783,0.173
32,788,0.173
32,793,0.175
32,798,0.175
32,803,0.179
32,808,0.178
32,813,0.184
32,818,0.18
32,823,0.208
32,828,0.206
32,833,0.209
32,838,0.203
32,843,0.216
32,848,0.187
32,853,0.189
32,858,0.181
32,863,0.182
32,868,0.188
32,873,0.186
32,878,0.183
32,883,0.193
32,888,0.187
32,893,0.187
32,898,0.191
32,903,0.187
32,908,0.191
32,913,0.187
32,918,0.192
32,923,0.19
32,928,0.19
32,933,0.187
32,938,0.19
32,943,0.196
32,948,0.191
32,953,0.188
32,958,0.189
32,963,0.191
32,968,0.192
32,973,0.194
32,978,0.195
32,983,0.198
32,988,0.202
32,993,0.203
32,998,0.2
32,1003,0.198
32,1008,0.198
32,1013,0.2
32,1018,0.199
32,1023,0.203
28,3,0.093
28,8,0.08
28,13,0.089
28,18,0.092
28,23,0.091
28,28,0.091
28,33,0.091
28,38,0.095
28,43,0.095
28,48,0.107
28,53,0.109
28,58,0.104
28,63,0.11
28,68,0.11
28,73,0.131
28,78,0.107
28,83,0.095
28,88,0.094
28,93,0.104
28,98,0.103
28,103,0.099
28,108,0.102
28,113,0.109
28,118,0.111
28,123,0.105
28,128,0.097
28,133,0.097
28,138,0.108
28,143,0.115
28,148,0.103
28,153,0.111
28,158,0.105
28,163,0.111
28,168,0.109
28,173,0.114
28,178,0.111
28,183,0.106
28,188,0.114
28,193,0.115
28,198,0.116
28,203,0.11
28,208,0.112
28,213,0.114
28,218,0.112
28,223,0.11
28,228,0.109
28,233,0.109
28,238,0.123
28,243,0.114
28,248,0.109
28,253,0.111
28,258,0.114
28,263,0.117
28,268,0.127
28,273,0.121
28,278,0.122
28,283,0.124
28,288,0.115
28,293,0.113
28,298,0.122
28,303,0.115
28,308,0.117
28,313,0.118
28,318,0.126
28,323,0.128
28,328,0.124
28,333,0.118
28,338,0.121
28,343,0.123
28,348,0.134
28,353,0.129
28,358,0.125
28,363,0.129
28,368,0.126
28,373,0.125
28,378,0.127
28,383,0.127
28,388,0.128
28,393,0.127
28,398,0.133
28,403,0.129
28,408,0.128
28,413,0.137
28,418,0.131
28,423,0.131
28,428,0.128
28,433,0.129
28,438,0.131
28,443,0.138
28,448,0.134
28,453,0.137
28,458,0.141
28,463,0.136
28,468,0.136
28,473,0.146
28,478,0.134
28,483,0.141
28,488,0.145
28,493,0.137
28,498,0.143
28,503,0.136
28,508,0.136
28,513,0.143
28,518,0.141
28,523,0.145
28,528,0.148
28,533,0.147
28,538,0.144
28,543,0.144
28,548,0.142
28,553,0.147
28,558,0.145
28,563,0.151
28,568,0.146
28,573,0.156
28,578,0.149
28,583,0.148
28,588,0.15
28,593,0.151
28,598,0.154
28,603,0.154
28,608,0.151
28,613,0.154
28,618,0.151
28,623,0.153
28,628,0.15
28,633,0.152
28,638,0.156
28,643,0.159
28,648,0.157
28,653,0.161
28,658,0.158
28,663,0.158
28,668,0.153
28,673,0.152
28,678,0.158
28,683,0.157
28,688,0.161
28,693,0.16
28,698,0.157
28,703,0.161
28,708,0.162
28,713,0.162
28,718,0.161
28,723,0.163
28,728,0.164
28,733,0.162
28,738,0.166
28,743,0.168
28,748,0.164
28,753,0.164
28,758,0.159
28,763,0.172
28,768,0.167
28,773,0.166
28,778,0.169
28,783,0.166
28,788,0.167
28,793,0.166
28,798,0.17
28,803,0.167
28,808,0.173
28,813,0.173
28,818,0.174
28,823,0.185
28,828,0.17
28,833,0.171
28,838,0.175
28,843,0.173
28,848,0.176
28,853,0.177
28,858,0.173
28,863,0.176
28,868,0.183
28,873,0.175
28,878,0.183
28,883,0.18
28,888,0.182
28,893,0.179
28,898,0.179
28,903,0.179
28,908,0.178
28,913,0.181
28,918,0.181
28,923,0.182
28,928,0.183
28,933,0.185
28,938,0.196
28,943,0.184
28,948,0.185
28,953,0.185
28,958,0.186
28,963,0.188
28,968,0.191
28,973,0.187
28,978,0.19
28,983,0.194
28,988,0.191
28,993,0.187
28,998,0.188
28,1003,0.188
28,1008,0.19
28,1013,0.189
28,1018,0.188
28,1023,0.188
27,3,0.077
27,8,0.088
27,13,0.079
27,18,0.088
27,23,0.09
27,28,0.09
27,33,0.089
27,38,0.095
27,43,0.087
27,48,0.112
27,53,0.097
27,58,0.096
27,63,0.098
27,68,0.1
27,73,0.099
27,78,0.098
27,83,0.097
27,88,0.097
27,93,0.099
27,98,0.098
27,103,0.095
27,108,0.103
27,113,0.107
27,118,0.098
27,123,0.102
27,128,0.103
27,133,0.116
27,138,0.106
27,143,0.106
27,148,0.102
27,153,0.107
27,158,0.103
27,163,0.105
27,168,0.101
27,173,0.105
27,178,0.107
27,183,0.104
27,188,0.113
27,193,0.106
27,198,0.108
27,203,0.125
27,208,0.115
27,213,0.106
27,218,0.11
27,223,0.112
27,228,0.109
27,233,0.114
27,238,0.108
27,243,0.122
27,248,0.119
27,253,0.122
27,258,0.114
27,263,0.114
27,268,0.115
27,273,0.123
27,278,0.119
27,283,0.124
27,288,0.124
27,293,0.121
27,298,0.117
27,303,0.131
27,308,0.123
27,313,0.118
27,318,0.126
27,323,0.137
27,328,0.12
27,333,0.124
27,338,0.121
27,343,0.128
27,348,0.124
27,353,0.123
27,358,0.125
27,363,0.129
27,368,0.128
27,373,0.132
27,378,0.131
27,383,0.126
27,388,0.134
27,393,0.135
27,398,0.138
27,403,0.142
27,408,0.134
27,413,0.137
27,418,0.144
27,423,0.138
27,428,0.13
27,433,0.13
27,438,0.132
27,443,0.132
27,448,0.136
27,453,0.137
27,458,0.138
27,463,0.138
27,468,0.138
27,473,0.139
27,478,0.133
27,483,0.134
27,488,0.143
27,493,0.139
27,498,0.139
27,503,0.144
27,508,0.14
27,513,0.144
27,518,0.139
27,523,0.141
27,528,0.145
27,533,0.14
27,538,0.154
27,543,0.153
27,548,0.143
27,553,0.144
27,558,0.14
27,563,0.148
27,568,0.145
27,573,0.157
27,578,0.149
27,583,0.151
27,588,0.149
27,593,0.153
27,598,0.149
27,603,0.147
27,608,0.148
27,613,0.151
27,618,0.153
27,623,0.153
27,628,0.15
27,633,0.155
27,638,0.15
27,643,0.154
27,648,0.155
27,653,0.157
27,658,0.154
27,663,0.156
27,668,0.163
27,673,0.154
27,678,0.158
27,683,0.154
27,688,0.157
27,693,0.157
27,698,0.165
27,703,0.16
27,708,0.162
27,713,0.157
27,718,0.163
27,723,0.166
27,728,0.165
27,733,0.164
27,738,0.164
27,743,0.16
27,748,0.164
27,753,0.166
27,758,0.165
27,763,0.168
27,768,0.171
27,773,0.168
27,778,0.166
27,783,0.161
27,788,0.169
27,793,0.164
27,798,0.169
27,803,0.172
27,808,0.168
27,813,0.171
27,818,0.174
27,823,0.172
27,828,0.176
27,833,0.173
27,838,0.172
27,843,0.178
27,848,0.177
27,853,0.172
27,858,0.175
27,863,0.177
27,868,0.174
27,873,0.175
27,878,0.178
27,883,0.176
27,888,0.179
27,893,0.177
27,898,0.179
27,903,0.182
27,908,0.18
27,913,0.186
27,918,0.185
27,923,0.181
27,928,0.182
27,933,0.187
27,938,0.181
27,943,0.188
27,948,0.183
27,953,0.186
27,958,0.179
27,963,0.189
27,968,0.189
27,973,0.185
27,978,0.197
27,983,0.189
27,988,0.187
27,993,0.184
27,998,0.19
27,1003,0.189
27,1008,0.191
27,1013,0.189
27,1018,0.186
27,1023,0.189
14,3,0.083
14,8,0.089
14,13,0.078
14,18,0.088
14,23,0.104
14,28,0.109
14,33,0.089
14,38,0.101
14,43,0.077
14,48,0.092
14,53,0.092
14,58,0.088
14,63,0.082
14,68,0.089
14,73,0.082
14,78,0.111
14,83,0.103
14,88,0.084
14,93,0.094
14,98,0.096
14,103,0.09
14,108,0.091
14,113,0.094
14,118,0.119
14,123,0.092
14,128,0.094
14,133,0.094
14,138,0.09
14,143,0.088
14,148,0.1
14,153,0.091
14,158,0.092
14,163,0.11
14,168,0.097
14,173,0.102
14,178,0.103
14,183,0.095
14,188,0.094
14,193,0.094
14,198,0.111
14,203,0.096
14,208,0.096
14,213,0.115
14,218,0.101
14,223,0.098
14,228,0.099
14,233,0.095
14,238,0.093
14,243,0.101
14,248,0.098
14,253,0.105
14,258,0.101
14,263,0.109
14,268,0.103
14,273,0.113
14,278,0.1
14,283,0.107
14,288,0.107
14,293,0.119
14,298,0.098
14,303,0.114
14,308,0.106
14,313,0.102
14,318,0.105
14,323,0.106
14,328,0.106
14,333,0.108
14,338,0.109
14,343,0.109
14,348,0.113
14,353,0.122
14,358,0.111
14,363,0.11
14,368,0.114
14,373,0.111
14,378,0.119
14,383,0.128
14,388,0.116
14,393,0.111
14,398,0.115
14,403,0.116
14,408,0.119
14,413,0.126
14,418,0.124
14,423,0.124
14,428,0.113
14,433,0.115
14,438,0.115
14,443,0.123
14,448,0.122
14,453,0.123
14,458,0.124
14,463,0.117
14,468,0.118
14,473,0.129
14,478,0.115
14,483,0.123
14,488,0.123
14,493,0.124
14,498,0.123
14,503,0.137
14,508,0.13
14,513,0.131
14,518,0.12
14,523,0.123
14,528,0.127
14,533,0.127
14,538,0.132
14,543,0.127
14,548,0.129
14,553,0.127
14,558,0.124
14,563,0.128
14,568,0.138
14,573,0.132
14,578,0.136
14,583,0.131
14,588,0.137
14,593,0.137
14,598,0.134
14,603,0.129
14,608,0.134
14,613,0.133
14,618,0.131
14,623,0.135
14,628,0.143
14,633,0.154
14,638,0.138
14,643,0.138
14,648,0.146
14,653,0.14
14,658,0.141
14,663,0.141
14,668,0.143
14,673,0.138
14,678,0.19
14,683,0.147
14,688,0.142
14,693,0.148
14,698,0.14
14,703,0.144
14,708,0.139
14,713,0.141
14,718,0.152
14,723,0.143
14,728,0.155
14,733,0.145
14,738,0.144
14,743,0.144
14,748,0.147
14,753,0.148
14,758,0.148
14,763,0.144
14,768,0.152
14,773,0.147
14,778,0.148
14,783,0.147
14,788,0.154
14,793,0.145
14,798,0.151
14,803,0.147
14,808,0.159
14,813,0.158
14,818,0.152
14,823,0.152
14,828,0.154
14,833,0.157
14,838,0.156
14,843,0.161
14,848,0.152
14,853,0.16
14,858,0.156
14,863,0.155
14,868,0.154
14,873,0.161
14,878,0.167
14,883,0.159
14,888,0.158
14,893,0.154
14,898,0.17
14,903,0.158
14,908,0.155
14,913,0.16
14,918,0.178
14,923,0.161
14,928,0.159
14,933,0.16
14,938,0.159
14,943,0.159
14,948,0.165
14,953,0.162
14,958,0.163
14,963,0.164
14,968,0.166
14,973,0.162
14,978,0.163
14,983,0.168
14,988,0.172
14,993,0.167
14,998,0.171
14,1003,0.168
14,1008,0.17
14,1013,0.162
14,1018,0.175
14,1023,0.17
13,3,0.082
13,8,0.09
13,13,0.083
13,18,0.092
13,23,0.097
13,28,0.093
13,33,0.09
13,38,0.1
13,43,0.089
13,48,0.078
13,53,0.09
13,58,0.083
13,63,0.09
13,68,0.094
13,73,0.126
13,78,0.092
13,83,0.089
13,88,0.129
13,93,0.09
13,98,0.11
13,103,0.092
13,108,0.093
13,113,0.092
13,118,0.092
13,123,0.092
13,128,0.093
13,133,0.098
13,138,0.097
13,143,0.087
13,148,0.085
13,153,0.084
13,158,0.084
13,163,0.091
13,168,0.087
13,173,0.091
13,178,0.099
13,183,0.092
13,188,0.108
13,193,0.098
13,198,0.099
13,203,0.118
13,208,0.092
13,213,0.096
13,218,0.099
13,223,0.098
13,228,0.098
13,233,0.094
13,238,0.101
13,243,0.098
13,248,0.105
13,253,0.141
13,258,0.105
13,263,0.11
13,268,0.113
13,273,0.132
13,278,0.101
13,283,0.098
13,288,0.109
13,293,0.106
13,298,0.103
13,303,0.122
13,308,0.121
13,313,0.106
13,318,0.108
13,323,0.113
13,328,0.104
13,333,0.115
13,338,0.104
13,343,0.105
13,348,0.107
13,353,0.112
13,358,0.122
13,363,0.109
13,368,0.109
13,373,0.11
13,378,0.13
13,383,0.116
13,388,0.111
13,393,0.114
13,398,0.129
13,403,0.113
13,408,0.111
13,413,0.122
13,418,0.116
13,423,0.128
13,428,0.115
13,433,0.123
13,438,0.129
13,443,0.118
13,448,0.118
13,453,0.127
13,458,0.12
13,463,0.124
13,468,0.117
13,473,0.12
13,478,0.119
13,483,0.121
13,488,0.121
13,493,0.125
13,498,0.121
13,503,0.122
13,508,0.141
13,513,0.124
13,518,0.125
13,523,0.15
13,528,0.128
13,533,0.127
13,538,0.125
13,543,0.12
13,548,0.122
13,553,0.14
13,558,0.123
13,563,0.129
13,568,0.13
13,573,0.132
13,578,0.142
13,583,0.161
13,588,0.13
13,593,0.137
13,598,0.127
13,603,0.13
13,608,0.133
13,613,0.147
13,618,0.13
13,623,0.145
13,628,0.138
13,633,0.132
13,638,0.128
13,643,0.192
13,648,0.133
13,653,0.135
13,658,0.135
13,663,0.134
13,668,0.134
13,673,0.137
13,678,0.139
13,683,0.14
13,688,0.137
13,693,0.134
13,698,0.137
13,703,0.136
13,708,0.152
13,713,0.143
13,718,0.145
13,723,0.149
13,728,0.154
13,733,0.146
13,738,0.148
13,743,0.143
13,748,0.142
13,753,0.155
13,758,0.144
13,763,0.144
13,768,0.167
13,773,0.152
13,778,0.146
13,783,0.144
13,788,0.147
13,793,0.149
13,798,0.145
13,803,0.153
13,808,0.161
13,813,0.149
13,818,0.151
13,823,0.15
13,828,0.154
13,833,0.149
13,838,0.148
13,843,0.153
13,848,0.162
13,853,0.146
13,858,0.155
13,863,0.16
13,868,0.148
13,873,0.164
13,878,0.156
13,883,0.161
13,888,0.161
13,893,0.158
13,898,0.154
13,903,0.167
13,908,0.157
13,913,0.155
13,918,0.162
13,923,0.169
13,928,0.157
13,933,0.161
13,938,0.168
13,943,0.165
13,948,0.157
13,953,0.16
13,958,0.178
13,963,0.163
13,968,0.167
13,973,0.16
13,978,0.165
13,983,0.167
13,988,0.163
13,993,0.175
13,998,0.161
13,1003,0.17
13,1008,0.162
13,1013,0.165
13,1018,0.164
13,1023,0.167
8,3,0.088
8,8,0.118
8,13,0.084
8,18,0.078
8,23,0.087
8,28,0.077
8,33,0.104
8,38,0.092
8,43,0.089
8,48,0.097
8,53,0.087
8,58,0.092
8,63,0.091
8,68,0.09
8,73,0.089
8,78,0.079
8,83,0.076
8,88,0.078
8,93,0.09
8,98,0.077
8,103,0.09
8,108,0.107
8,113,0.076
8,118,0.08
8,123,0.087
8,128,0.078
8,133,0.087
8,138,0.142
8,143,0.078
8,148,0.085
8,153,0.089
8,158,0.087
8,163,0.09
8,168,0.081
8,173,0.127
8,178,0.09
8,183,0.12
8,188,0.089
8,193,0.091
8,198,0.09
8,203,0.094
8,208,0.084
8,213,0.091
8,218,0.091
8,223,0.097
8,228,0.093
8,233,0.099
8,238,0.092
8,243,0.096
8,248,0.104
8,253,0.089
8,258,0.093
8,263,0.094
8,268,0.102
8,273,0.106
8,278,0.095
8,283,0.099
8,288,0.099
8,293,0.106
8,298,0.1
8,303,0.149
8,308,0.102
8,313,0.101
8,318,0.1
8,323,0.098
8,328,0.098
8,333,0.101
8,338,0.101
8,343,0.105
8,348,0.1
8,353,0.116
8,358,0.105
8,363,0.126
8,368,0.101
8,373,0.105
8,378,0.102
8,383,0.1
8,388,0.104
8,393,0.124
8,398,0.102
8,403,0.102
8,408,0.111
8,413,0.104
8,418,0.108
8,423,0.108
8,428,0.102
8,433,0.111
8,438,0.11
8,443,0.112
8,448,0.112
8,453,0.114
8,458,0.112
8,463,0.11
8,468,0.107
8,473,0.107
8,478,0.111
8,483,0.122
8,488,0.114
8,493,0.127
8,498,0.127
8,503,0.109
8,508,0.11
8,513,0.11
8,518,0.116
8,523,0.125
8,528,0.117
8,533,0.119
8,538,0.113
8,543,0.138
8,548,0.136
8,553,0.124
8,558,0.123
8,563,0.118
8,568,0.114
8,573,0.123
8,578,0.119
8,583,0.114
8,588,0.12
8,593,0.12
8,598,0.137
8,603,0.122
8,608,0.121
8,613,0.126
8,618,0.133
8,623,0.119
8,628,0.122
8,633,0.125
8,638,0.122
8,643,0.136
8,648,0.125
8,653,0.127
8,658,0.13
8,663,0.127
8,668,0.131
8,673,0.127
8,678,0.125
8,683,0.134
8,688,0.13
8,693,0.141
8,698,0.147
8,703,0.125
8,708,0.131
8,713,0.126
8,718,0.128
8,723,0.128
8,728,0.128
8,733,0.141
8,738,0.133
8,743,0.13
8,748,0.138
8,753,0.134
8,758,0.14
8,763,0.13
8,768,0.136
8,773,0.134
8,778,0.136
8,783,0.136
8,788,0.133
8,793,0.159
8,798,0.139
8,803,0.138
8,808,0.135
8,813,0.139
8,818,0.14
8,823,0.15
8,828,0.144
8,833,0.14
8,838,0.153
8,843,0.145
8,848,0.139
8,853,0.154
8,858,0.145
8,863,0.139
8,868,0.145
8,873,0.151
8,878,0.141
8,883,0.143
8,888,0.144
8,893,0.143
8,898,0.163
8,903,0.147
8,908,0.154
8,913,0.156
8,918,0.149
8,923,0.163
8,928,0.143
8,933,0.147
8,938,0.155
8,943,0.155
8,948,0.149
8,953,0.144
8,958,0.144
8,963,0.147
8,968,0.151
8,973,0.154
8,978,0.152
8,983,0.153
8,988,0.169
8,993,0.161
8,998,0.152
8,1003,0.151
8,1008,0.149
8,1013,0.155
8,1018,0.155
8,1023,0.147
7,3,0.095
7,8,0.082
7,13,0.081
7,18,0.088
7,23,0.077
7,28,0.083
7,33,0.081
7,38,0.088
7,43,0.089
7,48,0.082
7,53,0.092
7,58,0.082
7,63,0.083
7,68,0.091
7,73,0.091
7,78,0.088
7,83,0.093
7,88,0.094
7,93,0.089
7,98,0.131
7,103,0.087
7,108,0.079
7,113,0.088
7,118,0.14
7,123,0.091
7,128,0.081
7,133,0.087
7,138,0.082
7,143,0.088
7,148,0.09
7,153,0.094
7,158,0.131
7,163,0.09
7,168,0.082
7,173,0.094
7,178,0.09
7,183,0.093
7,188,0.101
7,193,0.09
7,198,0.104
7,203,0.088
7,208,0.085
7,213,0.124
7,218,0.09
7,223,0.083
7,228,0.083
7,233,0.114
7,238,0.094
7,243,0.106
7,248,0.097
7,253,0.086
7,258,0.093
7,263,0.086
7,268,0.094
7,273,0.089
7,278,0.097
7,283,0.099
7,288,0.099
7,293,0.092
7,298,0.092
7,303,0.111
7,308,0.091
7,313,0.1
7,318,0.098
7,323,0.104
7,328,0.098
7,333,0.095
7,338,0.098
7,343,0.118
7,348,0.099
7,353,0.101
7,358,0.108
7,363,0.103
7,368,0.098
7,373,0.127
7,378,0.1
7,383,0.098
7,388,0.107
7,393,0.107
7,398,0.122
7,403,0.102
7,408,0.102
7,413,0.101
7,418,0.131
7,423,0.111
7,428,0.112
7,433,0.118
7,438,0.107
7,443,0.107
7,448,0.104
7,453,0.107
7,458,0.109
7,463,0.106
7,468,0.109
7,473,0.131
7,478,0.104
7,483,0.108
7,488,0.108
7,493,0.113
7,498,0.109
7,503,0.111
7,508,0.139
7,513,0.119
7,518,0.107
7,523,0.11
7,528,0.112
7,533,0.115
7,538,0.115
7,543,0.118
7,548,0.125
7,553,0.141
7,558,0.111
7,563,0.112
7,568,0.119
7,573,0.112
7,578,0.115
7,583,0.119
7,588,0.119
7,593,0.119
7,598,0.113
7,603,0.13
7,608,0.113
7,613,0.117
7,618,0.142
7,623,0.116
7,628,0.125
7,633,0.123
7,638,0.127
7,643,0.131
7,648,0.13
7,653,0.125
7,658,0.132
7,663,0.122
7,668,0.132
7,673,0.132
7,678,0.127
7,683,0.148
7,688,0.132
7,693,0.137
7,698,0.124
7,703,0.137
7,708,0.128
7,713,0.124
7,718,0.129
7,723,0.127
7,728,0.13
7,733,0.144
7,738,0.131
7,743,0.139
7,748,0.128
7,753,0.131
7,758,0.141
7,763,0.131
7,768,0.13
7,773,0.128
7,778,0.137
7,783,0.129
7,788,0.13
7,793,0.132
7,798,0.13
7,803,0.136
7,808,0.134
7,813,0.141
7,818,0.138
7,823,0.148
7,828,0.135
7,833,0.135
7,838,0.149
7,843,0.15
7,848,0.155
7,853,0.144
7,858,0.145
7,863,0.143
7,868,0.138
7,873,0.138
7,878,0.14
7,883,0.139
7,888,0.139
7,893,0.211
7,898,0.14
7,903,0.144
7,908,0.152
7,913,0.142
7,918,0.144
7,923,0.154
7,928,0.146
7,933,0.144
7,938,0.147
7,943,0.147
7,948,0.148
7,953,0.147
7,958,0.149
7,963,0.154
7,968,0.148
7,973,0.156
7,978,0.146
7,983,0.16
7,988,0.149
7,993,0.153
7,998,0.151
7,1003,0.151
7,1008,0.175
7,1013,0.148
7,1018,0.147
7,1023,0.154
