HW,kernel,stride,Cin,FLOPs,latency
224,1,1,3,1204224,0.123
224,1,1,6,4214784,0.08
224,1,1,8,7225344,0.091
224,1,1,16,27295744,0.138
224,1,1,32,105971712,0.225
224,1,1,64,417464320,0.405
224,1,1,128,1657012224,0.773
224,1,1,256,6602358784,1.435
224,1,1,512,26358054912,2.738
224,1,1,1024,1.05E+11,5.356
224,1,2,3,303750,0.066
224,1,2,6,1063125,0.066
224,1,2,8,1822500,0.068
224,1,2,16,6885000,0.073
224,1,2,32,26730000,0.103
224,1,2,64,105300000,0.164
224,1,2,128,417960000,0.281
224,1,2,256,1665360000,0.462
224,1,2,512,6648480000,0.803
224,1,2,1024,26568000000,1.475
224,1,4,3,77293.5,0.065
224,1,4,6,270527.25,0.066
224,1,4,8,463761,0.066
224,1,4,16,1751986,0.071
224,1,4,32,6801828,0.076
224,1,4,64,26795080,0.101
224,1,4,128,106355856,0.157
224,1,4,256,423774496,0.221
224,1,4,512,1691800128,0.318
224,1,4,1024,6760604800,0.5
224,3,1,3,3580488,0.076
224,3,1,6,8951220,0.099
224,3,1,8,13526288,0.108
224,3,1,16,39783200,0.159
224,3,1,32,130488896,0.262
224,3,1,64,464667776,0.483
224,3,1,128,1744095488,0.906
224,3,1,256,6747230720,1.7
224,3,1,512,26530620416,3.278
224,3,1,1024,1.05E+11,6.412
224,3,2,3,903168,0.062
224,3,2,6,2257920,0.068
224,3,2,8,3411968,0.074
224,3,2,16,10035200,0.085
224,3,2,32,32915456,0.12
224,3,2,64,117211136,0.204
224,3,2,128,439943168,0.347
224,3,2,256,1701969920,0.577
224,3,2,512,6692274176,1.012
224,3,2,1024,26537885696,1.874
224,3,4,3,229842,0.061
224,3,4,6,574605,0.065
224,3,4,8,868292,0.067
224,3,4,16,2553800,0.072
224,3,4,32,8376464,0.085
224,3,4,64,29828384,0.126
224,3,4,128,111958592,0.208
224,3,4,256,433124480,0.305
224,3,4,512,1703078144,0.491
224,3,4,1024,6753473024,0.845
224,5,1,3,8279712,0.096
224,5,1,6,18333648,0.147
224,5,1,8,26021952,0.169
224,5,1,16,64660608,0.294
224,5,1,32,179788032,0.54
224,5,1,64,561443328,1.015
224,5,1,128,1930355712,1.973
224,5,1,256,7090587648,3.843
224,5,1,512,27100680192,7.564
224,5,1,1024,1.06E+11,14.999
224,5,2,3,2088618,0.063
224,5,2,6,4624797,0.078
224,5,2,8,6564228,0.092
224,5,2,16,16311112,0.119
224,5,2,32,45352848,0.189
224,5,2,64,141628192,0.336
224,5,2,128,486946368,0.618
224,5,2,256,1788652672,1.139
224,5,2,512,6836345088,2.146
224,5,2,1024,26708849152,4.16
224,5,4,3,531562.5,0.063
224,5,4,6,1177031.25,0.069
224,5,4,8,1670625,0.071
224,5,4,16,4151250,0.09
224,5,4,32,11542500,0.125
224,5,4,64,36045000,0.188
224,5,4,128,123930000,0.298
224,5,4,256,455220000,0.484
224,5,4,512,1739880000,0.84
224,5,4,1024,6797520000,1.546
224,7,1,3,15238392,0.122
224,7,1,6,32235060,0.201
224,7,1,8,44542992,0.24
224,7,1,16,101589280,0.425
224,7,1,32,253191744,0.801
224,7,1,64,706436224,1.544
224,7,1,128,2213083392,3.03
224,7,1,256,7627010560,5.955
224,7,1,512,28057396224,11.784
224,7,1,1024,1.07E+11,23.44
224,7,2,3,3844152,0.067
224,7,2,6,8131860,0.091
224,7,2,8,11236752,0.118
224,7,2,16,25627680,0.158
224,7,2,32,63872064,0.267
224,7,2,64,178210944,0.49
224,7,2,128,558289152,0.936
224,7,2,256,1924047360,1.762
224,7,2,512,7077970944,3.388
224,7,2,1024,27075446784,6.633
224,7,4,3,978432,0.074
224,7,4,6,2069760,0.071
224,7,4,8,2860032,0.084
224,7,4,16,6522880,0.107
224,7,4,32,16257024,0.153
224,7,4,64,45359104,0.234
224,7,4,128,142098432,0.423
224,7,4,256,489717760,0.739
224,7,4,512,1801519104,1.339
224,7,4,1024,6891372544,2.539
224,9,1,3,24393600,0.154
224,9,1,6,50529600,0.261
224,9,1,8,68921600,0.316
224,9,1,16,150233600,0.582
224,9,1,32,350028800,1.107
224,9,1,64,898304000,2.151
224,9,1,128,2589593600,4.244
224,9,1,256,8351129600,8.381
224,9,1,512,29390028800,16.634
224,9,1,1024,1.10E+11,33.134
224,9,2,3,6153966,0.085
224,9,2,6,12747501,0.119
224,9,2,8,17387396,0.149
224,9,2,16,37900616,0.213
224,9,2,32,88304528,0.377
224,9,2,64,226622240,0.708
224,9,2,128,653297216,1.353
224,9,2,256,2106805376,2.582
224,9,2,512,7414454528,5.023
224,9,2,1024,27632284160,9.881
224,9,4,3,1566463.5,0.079
224,9,4,6,3244817.25,0.083
224,9,4,8,4425881,0.104
224,9,4,16,9647426,0.136
224,9,4,32,22477508,0.208
224,9,4,64,57685640,0.326
224,9,4,128,166293776,0.607
224,9,4,256,536277536,1.104
224,9,4,512,1887315008,2.066
224,9,4,1024,7033669760,3.958
112,1,1,3,301056,0.053
112,1,1,6,1053696,0.063
112,1,1,8,1806336,0.06
112,1,1,16,6823936,0.072
112,1,1,32,26492928,0.09
112,1,1,64,104366080,0.134
112,1,1,128,414253056,0.219
112,1,1,256,1650589696,0.396
112,1,1,512,6589513728,0.755
112,1,1,1024,26332364800,1.426
112,1,2,3,76614,0.049
112,1,2,6,268149,0.062
112,1,2,8,459684,0.058
112,1,2,16,1736584,0.065
112,1,2,32,6742032,0.068
112,1,2,64,26559520,0.076
112,1,2,128,105420864,0.1
112,1,2,256,420049024,0.157
112,1,2,512,1676927232,0.278
112,1,2,1024,6701171200,0.459
112,1,4,3,19837.5,0.049
112,1,4,6,69431.25,0.06
112,1,4,8,119025,0.061
112,1,4,16,449650,0.064
112,1,4,32,1745700,0.069
112,1,4,64,6877000,0.068
112,1,4,128,27296400,0.073
112,1,4,256,108762400,0.101
112,1,4,512,434203200,0.161
112,1,4,1024,1735120000,0.218
112,3,1,3,887112,0.05
112,3,1,6,2217780,0.057
112,3,1,8,3351312,0.062
112,3,1,16,9856800,0.075
112,3,1,32,32330304,0.104
112,3,1,64,115127424,0.156
112,3,1,128,432122112,0.259
112,3,1,256,1671713280,0.47
112,3,1,512,6573302784,0.897
112,3,1,1024,26066110464,1.688
112,3,2,3,225792,0.05
112,3,2,6,564480,0.063
112,3,2,8,852992,0.063
112,3,2,16,2508800,0.067
112,3,2,32,8228864,0.08
112,3,2,64,29302784,0.089
112,3,2,128,109985792,0.122
112,3,2,256,425492480,0.199
112,3,2,512,1673068544,0.344
112,3,2,1024,6634471424,0.576
112,3,4,3,58482,0.049
112,3,4,6,146205,0.053
112,3,4,8,220932,0.062
112,3,4,16,649800,0.063
112,3,4,32,2131344,0.066
112,3,4,64,7589664,0.072
112,3,4,128,28487232,0.086
112,3,4,256,110206080,0.133
112,3,4,512,433338624,0.213
112,3,4,1024,1718383104,0.321
112,5,1,3,2032800,0.051
112,5,1,6,4501200,0.065
112,5,1,8,6388800,0.081
112,5,1,16,15875200,0.109
112,5,1,32,44140800,0.173
112,5,1,64,137843200,0.292
112,5,1,128,473932800,0.53
112,5,1,256,1740851200,1.015
112,5,1,512,6653644800,1.972
112,5,1,1024,25995059200,3.845
112,5,2,3,517482,0.064
112,5,2,6,1145853,0.063
112,5,2,8,1626372,0.061
112,5,2,16,4041288,0.076
112,5,2,32,11236752,0.094
112,5,2,64,35090208,0.124
112,5,2,128,120647232,0.193
112,5,2,256,443161728,0.349
112,5,2,512,1693792512,0.641
112,5,2,1024,6617461248,1.174
112,5,4,3,134074.5,0.051
112,5,4,6,296879.25,0.059
112,5,4,8,421377,0.06
112,5,4,16,1047058,0.063
112,5,4,32,2911332,0.074
112,5,4,64,9091528,0.089
112,5,4,128,31258512,0.117
112,5,4,256,114818848,0.176
112,5,4,512,438844992,0.311
112,5,4,1024,1714519168,0.509
112,7,1,3,3706872,0.055
112,7,1,6,7841460,0.083
112,7,1,8,10835472,0.103
112,7,1,16,24712480,0.149
112,7,1,32,61591104,0.237
112,7,1,64,171846784,0.427
112,7,1,128,538351872,0.801
112,7,1,256,1855336960,1.545
112,7,1,512,6825206784,3.038
112,7,1,1024,26108545024,5.97
112,7,2,3,943800,0.057
112,7,2,6,1996500,0.067
112,7,2,8,2758800,0.071
112,7,2,16,6292000,0.093
112,7,2,32,15681600,0.122
112,7,2,64,43753600,0.169
112,7,2,128,137068800,0.284
112,7,2,256,472384000,0.526
112,7,2,512,1737753600,1
112,7,2,1024,6647449600,1.884
112,7,4,3,244608,0.06
112,7,4,6,517440,0.064
112,7,4,8,715008,0.068
112,7,4,16,1630720,0.076
112,7,4,32,4064256,0.087
112,7,4,64,11339776,0.113
112,7,4,128,35524608,0.164
112,7,4,256,122429440,0.254
112,7,4,512,450379776,0.468
112,7,4,1024,1722843136,0.797
112,9,1,3,5878656,0.064
112,9,1,6,12177216,0.095
112,9,1,8,16609536,0.123
112,9,1,16,36205056,0.182
112,9,1,32,84354048,0.316
112,9,1,64,216483840,0.581
112,9,1,128,624070656,1.102
112,9,1,256,2012553216,2.148
112,9,1,512,7082754048,4.228
112,9,1,1024,26396098560,8.348
112,9,2,3,1497006,0.064
112,9,2,6,3100941,0.072
112,9,2,8,4229636,0.08
112,9,2,16,9219656,0.113
112,9,2,32,21480848,0.158
112,9,2,64,55127840,0.229
112,9,2,128,158920256,0.403
112,9,2,256,512498816,0.761
112,9,2,512,1803630848,1.456
112,9,2,1024,6721794560,2.783
112,9,4,3,388111.5,0.07
112,9,4,6,803945.25,0.08
112,9,4,8,1096569,0.079
112,9,4,16,2390274,0.084
112,9,4,32,5569092,0.108
112,9,4,64,14292360,0.158
112,9,4,128,41201424,0.223
112,9,4,256,132869664,0.358
112,9,4,512,467606592,0.659
112,9,4,1024,1742682240,1.195
56,1,1,3,75264,0.044
56,1,1,6,263424,0.046
56,1,1,8,451584,0.049
56,1,1,16,1705984,0.053
56,1,1,32,6623232,0.06
56,1,1,64,26091520,0.068
56,1,1,128,103563264,0.091
56,1,1,256,412647424,0.137
56,1,1,512,1647378432,0.222
56,1,1,1024,6583091200,0.401
56,1,2,3,19494,0.045
56,1,2,6,68229,0.046
56,1,2,8,116964,0.052
56,1,2,16,441864,0.05
56,1,2,32,1715472,0.062
56,1,2,64,6757920,0.065
56,1,2,128,26823744,0.068
56,1,2,256,106879104,0.077
56,1,2,512,426684672,0.1
56,1,2,1024,1705075200,0.159
56,1,4,3,5221.5,0.044
56,1,4,6,18275.25,0.046
56,1,4,8,31329,0.048
56,1,4,16,118354,0.058
56,1,4,32,459492,0.059
56,1,4,64,1810120,0.067
56,1,4,128,7184784,0.068
56,1,4,256,28627744,0.067
56,1,4,512,114288192,0.072
56,1,4,1024,456707200,0.103
56,3,1,3,217800,0.044
56,3,1,6,544500,0.046
56,3,1,8,822800,0.053
56,3,1,16,2420000,0.052
56,3,1,32,7937600,0.07
56,3,1,64,28265600,0.076
56,3,1,128,106092800,0.104
56,3,1,256,410432000,0.154
56,3,1,512,1613849600,0.257
56,3,1,1024,6399641600,0.474
56,3,2,3,56448,0.044
56,3,2,6,141120,0.048
56,3,2,8,213248,0.049
56,3,2,16,627200,0.057
56,3,2,32,2057216,0.063
56,3,2,64,7325696,0.065
56,3,2,128,27496448,0.073
56,3,2,256,106373120,0.088
56,3,2,512,418267136,0.127
56,3,2,1024,1658617856,0.206
56,3,4,3,15138,0.046
56,3,4,6,37845,0.047
56,3,4,8,57188,0.058
56,3,4,16,168200,0.052
56,3,4,32,551696,0.067
56,3,4,64,1964576,0.071
56,3,4,128,7373888,0.074
56,3,4,256,28526720,0.075
56,3,4,512,112169216,0.086
56,3,4,1024,444801536,0.128
56,5,1,3,489888,0.045
56,5,1,6,1084752,0.055
56,5,1,8,1539648,0.048
56,5,1,16,3825792,0.061
56,5,1,32,10637568,0.084
56,5,1,64,33219072,0.108
56,5,1,128,114213888,0.17
56,5,1,256,419530752,0.291
56,5,1,512,1603473408,0.532
56,5,1,1024,6264594432,1.014
56,5,2,3,127050,0.045
56,5,2,6,281325,0.045
56,5,2,8,399300,0.051
56,5,2,16,992200,0.053
56,5,2,32,2758800,0.062
56,5,2,64,8615200,0.079
56,5,2,128,29620800,0.098
56,5,2,256,108803200,0.131
56,5,2,512,415852800,0.208
56,5,2,1024,1624691200,0.375
56,5,4,3,34114.5,0.045
56,5,4,6,75539.25,0.05
56,5,4,8,107217,0.05
56,5,4,16,266418,0.061
56,5,4,32,740772,0.058
56,5,4,64,2313288,0.063
56,5,4,128,7953552,0.074
56,5,4,256,29215008,0.093
56,5,4,512,111661632,0.123
56,5,4,1024,436249728,0.185
56,7,1,3,876408,0.059
56,7,1,6,1853940,0.062
56,7,1,8,2561808,0.054
56,7,1,16,5842720,0.083
56,7,1,32,14561856,0.103
56,7,1,64,40629376,0.143
56,7,1,128,127281408,0.241
56,7,1,256,438653440,0.428
56,7,1,512,1613669376,0.801
56,7,1,1024,6172788736,1.55
56,7,2,3,227448,0.056
56,7,2,6,481140,0.055
56,7,2,8,664848,0.055
56,7,2,16,1516320,0.058
56,7,2,32,3779136,0.067
56,7,2,64,10544256,0.105
56,7,2,128,33032448,0.127
56,7,2,256,113840640,0.182
56,7,2,512,418784256,0.311
56,7,2,1024,1601980416,0.574
56,7,4,3,61152,0.048
56,7,4,6,129360,0.058
56,7,4,8,178752,0.061
56,7,4,16,407680,0.064
56,7,4,32,1016064,0.071
56,7,4,64,2834944,0.075
56,7,4,128,8881152,0.091
56,7,4,256,30607360,0.124
56,7,4,512,112594944,0.176
56,7,4,1024,430710784,0.272
56,9,1,3,1362816,0.059
56,9,1,6,2822976,0.071
56,9,1,8,3850496,0.071
56,9,1,16,8393216,0.094
56,9,1,32,19555328,0.125
56,9,1,64,50186240,0.186
56,9,1,128,144674816,0.315
56,9,1,256,466558976,0.573
56,9,1,512,1641955328,1.092
56,9,1,1024,6119260160,2.124
56,9,2,3,353934,0.059
56,9,2,6,733149,0.071
56,9,2,8,1000004,0.062
56,9,2,16,2179784,0.066
56,9,2,32,5078672,0.086
56,9,2,64,13033760,0.128
56,9,2,128,37573184,0.171
56,9,2,256,121169024,0.25
56,9,2,512,426428672,0.449
56,9,2,1024,1589219840,0.848
56,9,4,3,95287.5,0.056
56,9,4,6,197381.25,0.072
56,9,4,8,269225,0.073
56,9,4,16,586850,0.075
56,9,4,32,1367300,0.082
56,9,4,64,3509000,0.088
56,9,4,128,10115600,0.115
56,9,4,256,32621600,0.155
56,9,4,512,114804800,0.243
56,9,4,1024,427856000,0.378
32,1,1,3,24576,0.046
32,1,1,6,86016,0.045
32,1,1,8,147456,0.042
32,1,1,16,557056,0.046
32,1,1,32,2162688,0.05
32,1,1,64,8519680,0.058
32,1,1,128,33816576,0.063
32,1,1,256,134742016,0.078
32,1,1,512,537919488,0.103
32,1,1,1024,2149580800,0.161
32,1,2,3,6534,0.044
32,1,2,6,22869,0.058
32,1,2,8,39204,0.044
32,1,2,16,148104,0.046
32,1,2,32,574992,0.054
32,1,2,64,2265120,0.056
32,1,2,128,8990784,0.061
32,1,2,256,35823744,0.064
32,1,2,512,143016192,0.067
32,1,2,1024,571507200,0.082
32,1,4,3,1837.5,0.043
32,1,4,6,6431.25,0.045
32,1,4,8,11025,0.05
32,1,4,16,41650,0.045
32,1,4,32,161700,0.054
32,1,4,64,637000,0.054
32,1,4,128,2528400,0.06
32,1,4,256,10074400,0.07
32,1,4,512,40219200,0.068
32,1,4,1024,160720000,0.071
32,3,1,3,69192,0.043
32,3,1,6,172980,0.057
32,3,1,8,261392,0.05
32,3,1,16,768800,0.044
32,3,1,32,2521664,0.049
32,3,1,64,8979584,0.053
32,3,1,128,33704192,0.071
32,3,1,256,130388480,0.092
32,3,1,512,512697344,0.122
32,3,1,1024,2033076224,0.186
32,3,2,3,18432,0.048
32,3,2,6,46080,0.044
32,3,2,8,69632,0.046
32,3,2,16,204800,0.048
32,3,2,32,671744,0.056
32,3,2,64,2392064,0.057
32,3,2,128,8978432,0.062
32,3,2,256,34734080,0.065
32,3,2,512,136577024,0.078
32,3,2,1024,541589504,0.1
32,3,4,3,5202,0.043
32,3,4,6,13005,0.044
32,3,4,8,19652,0.043
32,3,4,16,57800,0.056
32,3,4,32,189584,0.05
32,3,4,64,675104,0.067
32,3,4,128,2533952,0.066
32,3,4,256,9802880,0.066
32,3,4,512,38545664,0.068
32,3,4,1024,152850944,0.073
32,5,1,3,151200,0.045
32,5,1,6,334800,0.046
32,5,1,8,475200,0.043
32,5,1,16,1180800,0.047
32,5,1,32,3283200,0.049
32,5,1,64,10252800,0.062
32,5,1,128,35251200,0.095
32,5,1,256,129484800,0.132
32,5,1,512,494899200,0.205
32,5,1,1024,1933516800,0.362
32,5,2,3,40362,0.044
32,5,2,6,89373,0.061
32,5,2,8,126852,0.045
32,5,2,16,315208,0.047
32,5,2,32,876432,0.06
32,5,2,64,2736928,0.055
32,5,2,128,9410112,0.061
32,5,2,256,34565248,0.079
32,5,2,512,132110592,0.101
32,5,2,1024,516141568,0.142
32,5,4,3,11434.5,0.043
32,5,4,6,25319.25,0.045
32,5,4,8,35937,0.045
32,5,4,16,89298,0.047
32,5,4,32,248292,0.05
32,5,4,64,775368,0.062
32,5,4,128,2665872,0.062
32,5,4,256,9792288,0.067
32,5,4,512,37426752,0.072
32,5,4,1024,146222208,0.09
32,7,1,3,262392,0.05
32,7,1,6,555060,0.059
32,7,1,8,766992,0.051
32,7,1,16,1749280,0.049
32,7,1,32,4359744,0.065
32,7,1,64,12164224,0.076
32,7,1,128,38107392,0.119
32,7,1,256,131330560,0.177
32,7,1,512,483124224,0.296
32,7,1,1024,1848100864,0.536
32,7,2,3,70200,0.049
32,7,2,6,148500,0.052
32,7,2,8,205200,0.051
32,7,2,16,468000,0.052
32,7,2,32,1166400,0.055
32,7,2,64,3254400,0.06
32,7,2,128,10195200,0.065
32,7,2,256,35136000,0.089
32,7,2,512,129254400,0.13
32,7,2,1024,494438400,0.194
32,7,4,3,19968,0.046
32,7,4,6,42240,0.042
32,7,4,8,58368,0.046
32,7,4,16,133120,0.052
32,7,4,32,331776,0.059
32,7,4,64,925696,0.059
32,7,4,128,2899968,0.067
32,7,4,256,9994240,0.071
32,7,4,512,36765696,0.084
32,7,4,1024,140640256,0.114
32,9,1,3,395136,0.076
32,9,1,6,818496,0.067
32,9,1,8,1116416,0.057
32,9,1,16,2433536,0.059
32,9,1,32,5669888,0.065
32,9,1,64,14551040,0.095
32,9,1,128,41947136,0.155
32,9,1,256,135274496,0.23
32,9,1,512,476069888,0.393
32,9,1,1024,1774223360,0.724
32,9,2,3,105966,0.053
32,9,2,6,219501,0.058
32,9,2,8,299396,0.058
32,9,2,16,652616,0.057
32,9,2,32,1520528,0.064
32,9,2,64,3902240,0.065
32,9,2,128,11249216,0.077
32,9,2,256,36277376,0.111
32,9,2,512,127670528,0.169
32,9,2,1024,475804160,0.262
32,9,4,3,30271.5,0.042
32,9,4,6,62705.25,0.047
32,9,4,8,85529,0.049
32,9,4,16,186434,0.061
32,9,4,32,434372,0.064
32,9,4,64,1114760,0.077
32,9,4,128,3213584,0.075
32,9,4,256,10363424,0.077
32,9,4,512,36471872,0.1
32,9,4,1024,135923840,0.146
28,1,1,3,18816,0.043
28,1,1,6,65856,0.056
28,1,1,8,112896,0.044
28,1,1,16,426496,0.044
28,1,1,32,1655808,0.049
28,1,1,64,6522880,0.05
28,1,1,128,25890816,0.058
28,1,1,256,103161856,0.071
28,1,1,512,411844608,0.09
28,1,1,1024,1645772800,0.134
28,1,2,3,5046,0.039
28,1,2,6,17661,0.044
28,1,2,8,30276,0.042
28,1,2,16,114376,0.045
28,1,2,32,444048,0.047
28,1,2,64,1749280,0.052
28,1,2,128,6943296,0.056
28,1,2,256,27665536,0.061
28,1,2,512,110446848,0.068
28,1,2,1024,441356800,0.074
28,1,4,3,1441.5,0.044
28,1,4,6,5045.25,0.043
28,1,4,8,8649,0.045
28,1,4,16,32674,0.043
28,1,4,32,126852,0.047
28,1,4,64,499720,0.055
28,1,4,128,1983504,0.061
28,1,4,256,7903264,0.066
28,1,4,512,31551552,0.067
28,1,4,1024,126083200,0.07
28,3,1,3,52488,0.044
28,3,1,6,131220,0.044
28,3,1,8,198288,0.045
28,3,1,16,583200,0.044
28,3,1,32,1912896,0.048
28,3,1,64,6811776,0.051
28,3,1,128,25567488,0.059
28,3,1,256,98910720,0.076
28,3,1,512,388924416,0.105
28,3,1,1024,1542260736,0.158
28,3,2,3,14112,0.045
28,3,2,6,35280,0.045
28,3,2,8,53312,0.045
28,3,2,16,156800,0.044
28,3,2,32,514304,0.057
28,3,2,64,1831424,0.051
28,3,2,128,6874112,0.059
28,3,2,256,26593280,0.067
28,3,2,512,104566784,0.076
28,3,2,1024,414654464,0.091
28,3,4,3,4050,0.044
28,3,4,6,10125,0.044
28,3,4,8,15300,0.044
28,3,4,16,45000,0.056
28,3,4,32,147600,0.053
28,3,4,64,525600,0.052
28,3,4,128,1972800,0.059
28,3,4,256,7632000,0.069
28,3,4,512,30009600,0.07
28,3,4,1024,119001600,0.077
28,5,1,3,113568,0.047
28,5,1,6,251472,0.045
28,5,1,8,356928,0.044
28,5,1,16,886912,0.056
28,5,1,32,2466048,0.053
28,5,1,64,7700992,0.062
28,5,1,128,26477568,0.082
28,5,1,256,97257472,0.108
28,5,1,512,371724288,0.173
28,5,1,1024,1452285952,0.293
28,5,2,3,30618,0.045
28,5,2,6,67797,0.044
28,5,2,8,96228,0.066
28,5,2,16,239112,0.047
28,5,2,32,664848,0.058
28,5,2,64,2076192,0.061
28,5,2,128,7138368,0.062
28,5,2,256,26220672,0.082
28,5,2,512,100217088,0.1
28,5,2,1024,391537152,0.143
28,5,4,3,8830.5,0.044
28,5,4,6,19553.25,0.057
28,5,4,8,27753,0.047
28,5,4,16,68962,0.046
28,5,4,32,191748,0.065
28,5,4,64,598792,0.06
28,5,4,128,2058768,0.061
28,5,4,256,7562272,0.069
28,5,4,512,28903488,0.08
28,5,4,1024,112922752,0.104
28,7,1,3,195000,0.051
28,7,1,6,412500,0.051
28,7,1,8,570000,0.051
28,7,1,16,1300000,0.062
28,7,1,32,3240000,0.056
28,7,1,64,9040000,0.076
28,7,1,128,28320000,0.106
28,7,1,256,97600000,0.144
28,7,1,512,359040000,0.241
28,7,1,1024,1373440000,0.43
28,7,2,3,52728,0.047
28,7,2,6,111540,0.052
28,7,2,8,154128,0.054
28,7,2,16,351520,0.053
28,7,2,32,876096,0.057
28,7,2,64,2444416,0.061
28,7,2,128,7657728,0.07
28,7,2,256,26391040,0.099
28,7,2,512,97084416,0.133
28,7,2,1024,371378176,0.189
28,7,4,3,15288,0.046
28,7,4,6,32340,0.044
28,7,4,8,44688,0.058
28,7,4,16,101920,0.054
28,7,4,32,254016,0.064
28,7,4,64,708736,0.068
28,7,4,128,2220288,0.068
28,7,4,256,7651840,0.079
28,7,4,512,28148736,0.098
28,7,4,1024,107677696,0.132
28,9,1,3,290304,0.057
28,9,1,6,601344,0.059
28,9,1,8,820224,0.061
28,9,1,16,1787904,0.061
28,9,1,32,4165632,0.063
28,9,1,64,10690560,0.09
28,9,1,128,30818304,0.124
28,9,1,256,99385344,0.181
28,9,1,512,349765632,0.315
28,9,1,1024,1303511040,0.573
28,9,2,3,78750,0.051
28,9,2,6,163125,0.058
28,9,2,8,222500,0.059
28,9,2,16,485000,0.058
28,9,2,32,1130000,0.067
28,9,2,64,2900000,0.068
28,9,2,128,8360000,0.088
28,9,2,256,26960000,0.126
28,9,2,512,94880000,0.175
28,9,2,1024,353600000,0.254
28,9,4,3,22963.5,0.047
28,9,4,6,47567.25,0.048
28,9,4,8,64881,0.052
28,9,4,16,141426,0.074
28,9,4,32,329508,0.076
28,9,4,64,845640,0.08
28,9,4,128,2437776,0.088
28,9,4,256,7861536,0.092
28,9,4,512,27667008,0.125
28,9,4,1024,103109760,0.192
27,1,1,3,17496,0.042
27,1,1,6,61236,0.053
27,1,1,8,104976,0.043
27,1,1,16,396576,0.044
27,1,1,32,1539648,0.07
27,1,1,64,6065280,0.053
27,1,1,128,24074496,0.056
27,1,1,256,95924736,0.074
27,1,1,512,382952448,0.141
27,1,1,1024,1530316800,0.132
27,1,2,3,4704,0.049
27,1,2,6,16464,0.046
27,1,2,8,28224,0.047
27,1,2,16,106624,0.045
27,1,2,32,413952,0.048
27,1,2,64,1630720,0.053
27,1,2,128,6472704,0.064
27,1,2,256,25790464,0.084
27,1,2,512,102961152,0.073
27,1,2,1024,411443200,0.075
27,1,4,3,1350,0.044
27,1,4,6,4725,0.047
27,1,4,8,8100,0.044
27,1,4,16,30600,0.045
27,1,4,32,118800,0.052
27,1,4,64,468000,0.053
27,1,4,128,1857600,0.063
27,1,4,256,7401600,0.066
27,1,4,512,29548800,0.069
27,1,4,1024,118080000,0.075
27,3,1,3,48672,0.045
27,3,1,6,121680,0.045
27,3,1,8,183872,0.045
27,3,1,16,540800,0.045
27,3,1,32,1773824,0.048
27,3,1,64,6316544,0.05
27,3,1,128,23708672,0.069
27,3,1,256,91719680,0.076
27,3,1,512,360648704,0.11
27,3,1,1024,1430134784,0.152
27,3,2,3,13122,0.051
27,3,2,6,32805,0.048
27,3,2,8,49572,0.05
27,3,2,16,145800,0.047
27,3,2,32,478224,0.047
27,3,2,64,1702944,0.052
27,3,2,128,6391872,0.067
27,3,2,256,24727680,0.073
27,3,2,512,97231104,0.077
27,3,2,1024,385565184,0.094
27,3,4,3,3784.5,0.048
27,3,4,6,9461.25,0.065
27,3,4,8,14297,0.048
27,3,4,16,42050,0.051
27,3,4,32,137924,0.045
27,3,4,64,491144,0.051
27,3,4,128,1843472,0.066
27,3,4,256,7131680,0.067
27,3,4,512,28042304,0.066
27,3,4,1024,111200384,0.073
27,5,1,3,105000,0.074
27,5,1,6,232500,0.045
27,5,1,8,330000,0.042
27,5,1,16,820000,0.044
27,5,1,32,2280000,0.05
27,5,1,64,7120000,0.063
27,5,1,128,24480000,0.087
27,5,1,256,89920000,0.107
27,5,1,512,343680000,0.17
27,5,1,1024,1342720000,0.281
27,5,2,3,28392,0.047
27,5,2,6,62868,0.045
27,5,2,8,89232,0.069
27,5,2,16,221728,0.051
27,5,2,32,616512,0.05
27,5,2,64,1925248,0.052
27,5,2,128,6619392,0.064
27,5,2,256,24314368,0.083
27,5,2,512,92931072,0.099
27,5,2,1024,363071488,0.137
27,5,4,3,8232,0.048
27,5,4,6,18228,0.043
27,5,4,8,25872,0.044
27,5,4,16,64288,0.049
27,5,4,32,178752,0.067
27,5,4,64,558208,0.062
27,5,4,128,1919232,0.061
27,5,4,256,7049728,0.065
27,5,4,512,26944512,0.079
27,5,4,1024,105269248,0.104
27,7,1,3,179712,0.052
27,7,1,6,380160,0.053
27,7,1,8,525312,0.063
27,7,1,16,1198080,0.055
27,7,1,32,2985984,0.055
27,7,1,64,8331264,0.076
27,7,1,128,26099712,0.101
27,7,1,256,89948160,0.143
27,7,1,512,330891264,0.238
27,7,1,1024,1265762304,0.414
27,7,2,3,48750,0.048
27,7,2,6,103125,0.05
27,7,2,8,142500,0.054
27,7,2,16,325000,0.053
27,7,2,32,810000,0.055
27,7,2,64,2260000,0.059
27,7,2,128,7080000,0.075
27,7,2,256,24400000,0.105
27,7,2,512,89760000,0.135
27,7,2,1024,343360000,0.19
27,7,4,3,14215.5,0.045
27,7,4,6,30071.25,0.047
27,7,4,8,41553,0.049
27,7,4,16,94770,0.055
27,7,4,32,236196,0.062
27,7,4,64,659016,0.066
27,7,4,128,2064528,0.078
27,7,4,256,7115040,0.077
27,7,4,512,26174016,0.097
27,7,4,1024,100123776,0.131
27,9,1,3,266616,0.059
27,9,1,6,552276,0.058
27,9,1,8,753296,0.057
27,9,1,16,1642016,0.07
27,9,1,32,3825728,0.061
27,9,1,64,9818240,0.094
27,9,1,128,28303616,0.122
27,9,1,256,91275776,0.179
27,9,1,512,321225728,0.31
27,9,1,1024,1197148160,0.548
27,9,2,3,72576,0.049
27,9,2,6,150336,0.077
27,9,2,8,205056,0.059
27,9,2,16,446976,0.06
27,9,2,32,1041408,0.065
27,9,2,64,2672640,0.068
27,9,2,128,7704576,0.088
27,9,2,256,24846336,0.133
27,9,2,512,87441408,0.174
27,9,2,1024,325877760,0.259
27,9,4,3,21294,0.047
27,9,4,6,44109,0.048
27,9,4,8,60164,0.051
27,9,4,16,131144,0.064
27,9,4,32,305552,0.074
27,9,4,64,784160,0.078
27,9,4,128,2260544,0.083
27,9,4,256,7289984,0.093
27,9,4,512,25655552,0.119
27,9,4,1024,95613440,0.184
14,1,1,3,4704,0.045
14,1,1,6,16464,0.045
14,1,1,8,28224,0.044
14,1,1,16,106624,0.041
14,1,1,32,413952,0.043
14,1,1,64,1630720,0.043
14,1,1,128,6472704,0.048
14,1,1,256,25790464,0.055
14,1,1,512,102961152,0.06
14,1,1,1024,411443200,0.074
14,1,2,3,1350,0.044
14,1,2,6,4725,0.044
14,1,2,8,8100,0.044
14,1,2,16,30600,0.045
14,1,2,32,118800,0.045
14,1,2,64,468000,0.066
14,1,2,128,1857600,0.052
14,1,2,256,7401600,0.058
14,1,2,512,29548800,0.063
14,1,2,1024,118080000,0.073
14,1,4,3,433.5,0.045
14,1,4,6,1517.25,0.043
14,1,4,8,2601,0.043
14,1,4,16,9826,0.044
14,1,4,32,38148,0.045
14,1,4,64,150280,0.045
14,1,4,128,596496,0.048
14,1,4,256,2376736,0.054
14,1,4,512,9488448,0.06
14,1,4,1024,37916800,0.065
14,3,1,3,12168,0.044
14,3,1,6,30420,0.045
14,3,1,8,45968,0.044
14,3,1,16,135200,0.044
14,3,1,32,443456,0.045
14,3,1,64,1579136,0.052
14,3,1,128,5927168,0.048
14,3,1,256,22929920,0.049
14,3,1,512,90162176,0.06
14,3,1,1024,357533696,0.074
14,3,2,3,3528,0.05
14,3,2,6,8820,0.061
14,3,2,8,13328,0.043
14,3,2,16,39200,0.045
14,3,2,32,128576,0.044
14,3,2,64,457856,0.043
14,3,2,128,1718528,0.055
14,3,2,256,6648320,0.055
14,3,2,512,26141696,0.059
14,3,2,1024,103663616,0.068
14,3,4,3,1152,0.043
14,3,4,6,2880,0.059
14,3,4,8,4352,0.045
14,3,4,16,12800,0.048
14,3,4,32,41984,0.045
14,3,4,64,149504,0.048
14,3,4,128,561152,0.049
14,3,4,256,2170880,0.051
14,3,4,512,8536064,0.06
14,3,4,1024,33849344,0.097
14,5,1,3,24192,0.044
14,5,1,6,53568,0.045
14,5,1,8,76032,0.046
14,5,1,16,188928,0.047
14,5,1,32,525312,0.045
14,5,1,64,1640448,0.047
14,5,1,128,5640192,0.056
14,5,1,256,20717568,0.072
14,5,1,512,79183872,0.082
14,5,1,1024,309362688,0.11
14,5,2,3,7098,0.043
14,5,2,6,15717,0.061
14,5,2,8,22308,0.044
14,5,2,16,55432,0.045
14,5,2,32,154128,0.049
14,5,2,64,481312,0.045
14,5,2,128,1654848,0.051
14,5,2,256,6078592,0.059
14,5,2,512,23232768,0.067
14,5,2,1024,90767872,0.086
14,5,4,3,2362.5,0.045
14,5,4,6,5231.25,0.056
14,5,4,8,7425,0.044
14,5,4,16,18450,0.048
14,5,4,32,51300,0.045
14,5,4,64,160200,0.049
14,5,4,128,550800,0.053
14,5,4,256,2023200,0.056
14,5,4,512,7732800,0.066
14,5,4,1024,30211200,0.065
14,7,1,3,37752,0.042
14,7,1,6,79860,0.05
14,7,1,8,110352,0.054
14,7,1,16,251680,0.051
14,7,1,32,627264,0.053
14,7,1,64,1750144,0.053
14,7,1,128,5482752,0.056
14,7,1,256,18895360,0.084
14,7,1,512,69510144,0.102
14,7,1,1024,265897984,0.145
14,7,2,3,11232,0.046
14,7,2,6,23760,0.05
14,7,2,8,32832,0.046
14,7,2,16,74880,0.053
14,7,2,32,186624,0.054
14,7,2,64,520704,0.055
14,7,2,128,1631232,0.056
14,7,2,256,5621760,0.069
14,7,2,512,20680704,0.074
14,7,2,1024,79110144,0.107
14,7,4,3,3822,0.055
14,7,4,6,8085,0.045
14,7,4,8,11172,0.057
14,7,4,16,25480,0.045
14,7,4,32,63504,0.048
14,7,4,64,177184,0.059
14,7,4,128,555072,0.065
14,7,4,256,1912960,0.068
14,7,4,512,7037184,0.072
14,7,4,1024,26919424,0.077
14,9,1,3,50400,0.049
14,9,1,6,104400,0.057
14,9,1,8,142400,0.076
14,9,1,16,310400,0.058
14,9,1,32,723200,0.066
14,9,1,64,1856000,0.069
14,9,1,128,5350400,0.061
14,9,1,256,17254400,0.093
14,9,1,512,60723200,0.121
14,9,1,1024,226304000,0.178
14,9,2,3,15246,0.043
14,9,2,6,31581,0.06
14,9,2,8,43076,0.047
14,9,2,16,93896,0.054
14,9,2,32,218768,0.06
14,9,2,64,561440,0.065
14,9,2,128,1618496,0.063
14,9,2,256,5219456,0.067
14,9,2,512,18368768,0.093
14,9,2,1024,68456960,0.134
14,9,4,3,5323.5,0.047
14,9,4,6,11027.25,0.047
14,9,4,8,15041,0.059
14,9,4,16,32786,0.047
14,9,4,32,76388,0.054
14,9,4,64,196040,0.072
14,9,4,128,565136,0.077
14,9,4,256,1822496,0.077
14,9,4,512,6413888,0.088
14,9,4,1024,23903360,0.09
13,1,1,3,4056,0.044
13,1,1,6,14196,0.045
13,1,1,8,24336,0.043
13,1,1,16,91936,0.047
13,1,1,32,356928,0.043
13,1,1,64,1406080,0.046
13,1,1,128,5581056,0.048
13,1,1,256,22237696,0.067
13,1,1,512,88777728,0.068
13,1,1,1024,354764800,0.071
13,1,2,3,1176,0.048
13,1,2,6,4116,0.043
13,1,2,8,7056,0.045
13,1,2,16,26656,0.041
13,1,2,32,103488,0.044
13,1,2,64,407680,0.043
13,1,2,128,1618176,0.045
13,1,2,256,6447616,0.052
13,1,2,512,25740288,0.069
13,1,2,1024,102860800,0.071
13,1,4,3,384,0.048
13,1,4,6,1344,0.045
13,1,4,8,2304,0.046
13,1,4,16,8704,0.045
13,1,4,32,33792,0.044
13,1,4,64,133120,0.043
13,1,4,128,528384,0.048
13,1,4,256,2105344,0.063
13,1,4,512,8404992,0.057
13,1,4,1024,33587200,0.062
13,3,1,3,10368,0.043
13,3,1,6,25920,0.042
13,3,1,8,39168,0.054
13,3,1,16,115200,0.061
13,3,1,32,377856,0.043
13,3,1,64,1345536,0.044
13,3,1,128,5050368,0.047
13,3,1,256,19537920,0.064
13,3,1,512,76824576,0.059
13,3,1,1024,304644096,0.072
13,3,2,3,3042,0.044
13,3,2,6,7605,0.044
13,3,2,8,11492,0.044
13,3,2,16,33800,0.045
13,3,2,32,110864,0.045
13,3,2,64,394784,0.045
13,3,2,128,1481792,0.048
13,3,2,256,5732480,0.051
13,3,2,512,22540544,0.062
13,3,2,1024,89383424,0.07
13,3,4,3,1012.5,0.046
13,3,4,6,2531.25,0.054
13,3,4,8,3825,0.043
13,3,4,16,11250,0.045
13,3,4,32,36900,0.044
13,3,4,64,131400,0.045
13,3,4,128,493200,0.048
13,3,4,256,1908000,0.05
13,3,4,512,7502400,0.063
13,3,4,1024,29750400,0.067
13,5,1,3,20328,0.045
13,5,1,6,45012,0.045
13,5,1,8,63888,0.045
13,5,1,16,158752,0.046
13,5,1,32,441408,0.046
13,5,1,64,1378432,0.046
13,5,1,128,4739328,0.048
13,5,1,256,17408512,0.062
13,5,1,512,66536448,0.08
13,5,1,1024,259950592,0.108
13,5,2,3,6048,0.056
13,5,2,6,13392,0.043
13,5,2,8,19008,0.044
13,5,2,16,47232,0.045
13,5,2,32,131328,0.047
13,5,2,64,410112,0.047
13,5,2,128,1410048,0.05
13,5,2,256,5179392,0.052
13,5,2,512,19795968,0.061
13,5,2,1024,77340672,0.078
13,5,4,3,2058,0.043
13,5,4,6,4557,0.044
13,5,4,8,6468,0.042
13,5,4,16,16072,0.044
13,5,4,32,44688,0.044
13,5,4,64,139552,0.046
13,5,4,128,479808,0.056
13,5,4,256,1762432,0.052
13,5,4,512,6736128,0.066
13,5,4,1024,26317312,0.074
13,7,1,3,31200,0.045
13,7,1,6,66000,0.05
13,7,1,8,91200,0.05
13,7,1,16,208000,0.052
13,7,1,32,518400,0.05
13,7,1,64,1446400,0.049
13,7,1,128,4531200,0.054
13,7,1,256,15616000,0.073
13,7,1,512,57446400,0.101
13,7,1,1024,219750400,0.141
13,7,2,3,9438,0.047
13,7,2,6,19965,0.044
13,7,2,8,27588,0.047
13,7,2,16,62920,0.048
13,7,2,32,156816,0.052
13,7,2,64,437536,0.052
13,7,2,128,1370688,0.055
13,7,2,256,4723840,0.059
13,7,2,512,17377536,0.072
13,7,2,1024,66474496,0.1
13,7,4,3,3295.5,0.049
13,7,4,6,6971.25,0.045
13,7,4,8,9633,0.045
13,7,4,16,21970,0.044
13,7,4,32,54756,0.046
13,7,4,64,152776,0.069
13,7,4,128,478608,0.058
13,7,4,256,1649440,0.065
13,7,4,512,6067776,0.067
13,7,4,1024,23211136,0.074
13,9,1,3,40824,0.044
13,9,1,6,84564,0.056
13,9,1,8,115344,0.057
13,9,1,16,251424,0.057
13,9,1,32,585792,0.059
13,9,1,64,1503360,0.06
13,9,1,128,4333824,0.062
13,9,1,256,13976064,0.087
13,9,1,512,49185792,0.12
13,9,1,1024,183306240,0.178
13,9,2,3,12600,0.047
13,9,2,6,26100,0.046
13,9,2,8,35600,0.059
13,9,2,16,77600,0.056
13,9,2,32,180800,0.06
13,9,2,64,464000,0.062
13,9,2,128,1337600,0.064
13,9,2,256,4313600,0.064
13,9,2,512,15180800,0.08
13,9,2,1024,56576000,0.122
13,9,4,3,4536,0.042
13,9,4,6,9396,0.047
13,9,4,8,12816,0.045
13,9,4,16,27936,0.048
13,9,4,32,65088,0.052
13,9,4,64,167040,0.067
13,9,4,128,481536,0.072
13,9,4,256,1552896,0.074
13,9,4,512,5465088,0.081
13,9,4,1024,20367360,0.085
8,1,1,3,1536,0.052
8,1,1,6,5376,0.044
8,1,1,8,9216,0.039
8,1,1,16,34816,0.042
8,1,1,32,135168,0.043
8,1,1,64,532480,0.044
8,1,1,128,2113536,0.045
8,1,1,256,8421376,0.047
8,1,1,512,33619968,0.047
8,1,1,1024,134348800,0.058
8,1,2,3,486,0.045
8,1,2,6,1701,0.042
8,1,2,8,2916,0.045
8,1,2,16,11016,0.043
8,1,2,32,42768,0.046
8,1,2,64,168480,0.057
8,1,2,128,668736,0.06
8,1,2,256,2664576,0.042
8,1,2,512,10637568,0.056
8,1,2,1024,42508800,0.057
8,1,4,3,181.5,0.047
8,1,4,6,635.25,0.047
8,1,4,8,1089,0.046
8,1,4,16,4114,0.064
8,1,4,32,15972,0.044
8,1,4,64,62920,0.043
8,1,4,128,249744,0.069
8,1,4,256,995104,0.044
8,1,4,512,3972672,0.047
8,1,4,1024,15875200,0.054
8,3,1,3,3528,0.043
8,3,1,6,8820,0.054
8,3,1,8,13328,0.043
8,3,1,16,39200,0.048
8,3,1,32,128576,0.044
8,3,1,64,457856,0.044
8,3,1,128,1718528,0.046
8,3,1,256,6648320,0.044
8,3,1,512,26141696,0.048
8,3,1,1024,103663616,0.058
8,3,2,3,1152,0.055
8,3,2,6,2880,0.046
8,3,2,8,4352,0.043
8,3,2,16,12800,0.043
8,3,2,32,41984,0.044
8,3,2,64,149504,0.045
8,3,2,128,561152,0.044
8,3,2,256,2170880,0.046
8,3,2,512,8536064,0.049
8,3,2,1024,33849344,0.053
8,3,4,3,450,0.045
8,3,4,6,1125,0.043
8,3,4,8,1700,0.042
8,3,4,16,5000,0.046
8,3,4,32,16400,0.044
8,3,4,64,58400,0.043
8,3,4,128,219200,0.044
8,3,4,256,848000,0.047
8,3,4,512,3334400,0.056
8,3,4,1024,13222400,0.054
8,5,1,3,6048,0.044
8,5,1,6,13392,0.043
8,5,1,8,19008,0.043
8,5,1,16,47232,0.05
8,5,1,32,131328,0.045
8,5,1,64,410112,0.046
8,5,1,128,1410048,0.044
8,5,1,256,5179392,0.046
8,5,1,512,19795968,0.053
8,5,1,1024,77340672,0.065
8,5,2,3,2058,0.043
8,5,2,6,4557,0.039
8,5,2,8,6468,0.042
8,5,2,16,16072,0.042
8,5,2,32,44688,0.057
8,5,2,64,139552,0.045
8,5,2,128,479808,0.044
8,5,2,256,1762432,0.052
8,5,2,512,6736128,0.051
8,5,2,1024,26317312,0.081
8,5,4,3,850.5,0.043
8,5,4,6,1883.25,0.044
8,5,4,8,2673,0.044
8,5,4,16,6642,0.045
8,5,4,32,18468,0.044
8,5,4,64,57672,0.045
8,5,4,128,198288,0.048
8,5,4,256,728352,0.06
8,5,4,512,2783808,0.065
8,5,4,1024,10876032,0.07
8,7,1,3,7800,0.045
8,7,1,6,16500,0.043
8,7,1,8,22800,0.045
8,7,1,16,52000,0.061
8,7,1,32,129600,0.05
8,7,1,64,361600,0.051
8,7,1,128,1132800,0.052
8,7,1,256,3904000,0.052
8,7,1,512,14361600,0.061
8,7,1,1024,54937600,0.079
8,7,2,3,2808,0.069
8,7,2,6,5940,0.046
8,7,2,8,8208,0.044
8,7,2,16,18720,0.045
8,7,2,32,46656,0.048
8,7,2,64,130176,0.052
8,7,2,128,407808,0.06
8,7,2,256,1405440,0.055
8,7,2,512,5170176,0.056
8,7,2,1024,19777536,0.065
8,7,4,3,1248,0.067
8,7,4,6,2640,0.046
8,7,4,8,3648,0.047
8,7,4,16,8320,0.046
8,7,4,32,20736,0.047
8,7,4,64,57856,0.051
8,7,4,128,181248,0.077
8,7,4,256,624640,0.09
8,7,4,512,2297856,0.092
8,7,4,1024,8790016,0.101
7,1,1,3,1176,0.054
7,1,1,6,4116,0.043
7,1,1,8,7056,0.043
7,1,1,16,26656,0.042
7,1,1,32,103488,0.044
7,1,1,64,407680,0.045
7,1,1,128,1618176,0.045
7,1,1,256,6447616,0.044
7,1,1,512,25740288,0.048
7,1,1,1024,102860800,0.058
7,1,2,3,384,0.044
7,1,2,6,1344,0.054
7,1,2,8,2304,0.04
7,1,2,16,8704,0.042
7,1,2,32,33792,0.044
7,1,2,64,133120,0.043
7,1,2,128,528384,0.043
7,1,2,256,2105344,0.045
7,1,2,512,8404992,0.046
7,1,2,1024,33587200,0.052
7,1,4,3,150,0.044
7,1,4,6,525,0.043
7,1,4,8,900,0.039
7,1,4,16,3400,0.043
7,1,4,32,13200,0.042
7,1,4,64,52000,0.043
7,1,4,128,206400,0.044
7,1,4,256,822400,0.046
7,1,4,512,3283200,0.046
7,1,4,1024,13120000,0.054
7,3,1,3,2592,0.043
7,3,1,6,6480,0.055
7,3,1,8,9792,0.044
7,3,1,16,28800,0.044
7,3,1,32,94464,0.043
7,3,1,64,336384,0.043
7,3,1,128,1262592,0.044
7,3,1,256,4884480,0.045
7,3,1,512,19206144,0.046
7,3,1,1024,76161024,0.056
7,3,2,3,882,0.045
7,3,2,6,2205,0.046
7,3,2,8,3332,0.051
7,3,2,16,9800,0.049
7,3,2,32,32144,0.047
7,3,2,64,114464,0.044
7,3,2,128,429632,0.044
7,3,2,256,1662080,0.045
7,3,2,512,6535424,0.047
7,3,2,1024,25915904,0.054
7,3,4,3,364.5,0.059
7,3,4,6,911.25,0.044
7,3,4,8,1377,0.041
7,3,4,16,4050,0.045
7,3,4,32,13284,0.051
7,3,4,64,47304,0.044
7,3,4,128,177552,0.046
7,3,4,256,686880,0.046
7,3,4,512,2700864,0.06
7,3,4,1024,10710144,0.056
7,5,1,3,4200,0.042
7,5,1,6,9300,0.049
7,5,1,8,13200,0.045
7,5,1,16,32800,0.046
7,5,1,32,91200,0.044
7,5,1,64,284800,0.044
7,5,1,128,979200,0.047
7,5,1,256,3596800,0.046
7,5,1,512,13747200,0.048
7,5,1,1024,53708800,0.068
7,5,2,3,1512,0.044
7,5,2,6,3348,0.044
7,5,2,8,4752,0.043
7,5,2,16,11808,0.045
7,5,2,32,32832,0.047
7,5,2,64,102528,0.045
7,5,2,128,352512,0.047
7,5,2,256,1294848,0.046
7,5,2,512,4948992,0.049
7,5,2,1024,19335168,0.069
7,5,4,3,672,0.045
7,5,4,6,1488,0.044
7,5,4,8,2112,0.043
7,5,4,16,5248,0.045
7,5,4,32,14592,0.042
7,5,4,64,45568,0.044
7,5,4,128,156672,0.045
7,5,4,256,575488,0.053
7,5,4,512,2199552,0.056
7,5,4,1024,8593408,0.073
7,7,1,3,4992,0.043
7,7,1,6,10560,0.043
7,7,1,8,14592,0.043
7,7,1,16,33280,0.049
7,7,1,32,82944,0.05
7,7,1,64,231424,0.049
7,7,1,128,724992,0.05
7,7,1,256,2498560,0.053
7,7,1,512,9191424,0.054
7,7,1,1024,35160064,0.079
7,7,2,3,1950,0.041
7,7,2,6,4125,0.044
7,7,2,8,5700,0.045
7,7,2,16,13000,0.045
7,7,2,32,32400,0.048
7,7,2,64,90400,0.05
7,7,2,128,283200,0.052
7,7,2,256,976000,0.05
7,7,2,512,3590400,0.06
7,7,2,1024,13734400,0.057
7,7,4,3,955.5,0.044
7,7,4,6,2021.25,0.046
7,7,4,8,2793,0.047
7,7,4,16,6370,0.048
7,7,4,32,15876,0.047
7,7,4,64,44296,0.049
7,7,4,128,138768,0.052
7,7,4,256,478240,0.072
7,7,4,512,1759296,0.077
7,7,4,1024,6729856,0.079
1,1,1,3,24,0.044
1,1,1,6,84,0.044
1,1,1,8,144,0.042
1,1,1,16,544,0.043
1,1,1,32,2112,0.043
1,1,1,64,8320,0.043
1,1,1,128,33024,0.044
1,1,1,256,131584,0.044
1,1,1,512,525312,0.043
1,1,1,1024,2099200,0.051
