in_features,out_features,FLOPs,latency
10,10,190,0.057
10,160,3040,0.047
10,310,5890,0.05
10,460,8740,0.049
10,610,11590,0.048
10,760,14440,0.05
10,910,17290,0.053
10,1060,20140,0.048
10,1210,22990,0.046
10,1360,25840,0.048
10,1510,28690,0.062
10,1660,31540,0.047
10,1810,34390,0.047
10,1960,37240,0.046
10,2110,40090,0.049
10,2260,42940,0.051
10,2410,45790,0.05
10,2560,48640,0.047
10,2710,51490,0.047
10,2860,54340,0.048
10,3010,57190,0.047
10,3160,60040,0.049
10,3310,62890,0.045
10,3460,65740,0.046
10,3610,68590,0.045
10,3760,71440,0.093
10,3910,74290,0.049
10,4060,77140,0.053
10,4210,79990,0.048
10,4360,82840,0.05
10,4510,85690,0.052
10,4660,88540,0.047
10,4810,91390,0.047
10,4960,94240,0.048
10,5110,97090,0.048
10,5260,99940,0.066
10,5410,102790,0.048
10,5560,105640,0.053
10,5710,108490,0.05
10,5860,111340,0.066
10,6010,114190,0.057
10,6160,117040,0.049
10,6310,119890,0.052
10,6460,122740,0.047
10,6610,125590,0.057
10,6760,128440,0.05
10,6910,131290,0.049
10,7060,134140,0.051
10,7210,136990,0.053
10,7360,139840,0.051
10,7510,142690,0.048
10,7660,145540,0.052
10,7810,148390,0.046
10,7960,151240,0.07
10,8110,154090,0.047
160,10,3190,0.052
160,160,51040,0.046
160,310,98890,0.051
160,460,146740,0.051
160,610,194590,0.047
160,760,242440,0.053
160,910,290290,0.049
160,1060,338140,0.062
160,1210,385990,0.061
160,1360,433840,0.047
160,1510,481690,0.048
160,1660,529540,0.047
160,1810,577390,0.046
160,1960,625240,0.048
160,2110,673090,0.08
160,2260,720940,0.046
160,2410,768790,0.047
160,2560,816640,0.051
160,2710,864490,0.054
160,2860,912340,0.047
160,3010,960190,0.047
160,3160,1008040,0.048
160,3310,1055890,0.052
160,3460,1103740,0.047
160,3610,1151590,0.047
160,3760,1199440,0.048
160,3910,1247290,0.058
160,4060,1295140,0.048
160,4210,1342990,0.048
160,4360,1390840,0.059
160,4510,1438690,0.048
160,4660,1486540,0.048
160,4810,1534390,0.05
160,4960,1582240,0.049
160,5110,1630090,0.05
160,5260,1677940,0.05
160,5410,1725790,0.106
160,5560,1773640,0.052
160,5710,1821490,0.051
160,5860,1869340,0.053
160,6010,1917190,0.053
160,6160,1965040,0.059
160,6310,2012890,0.052
160,6460,2060740,0.054
160,6610,2108590,0.054
160,6760,2156440,0.053
160,6910,2204290,0.058
160,7060,2252140,0.06
160,7210,2299990,0.062
160,7360,2347840,0.063
160,7510,2395690,0.064
160,7660,2443540,0.064
160,7810,2491390,0.067
160,7960,2539240,0.072
160,8110,2587090,0.069
310,10,6190,0.047
310,160,99040,0.052
310,310,191890,0.047
310,460,284740,0.062
310,610,377590,0.046
310,760,470440,0.047
310,910,563290,0.047
310,1060,656140,0.048
310,1210,748990,0.047
310,1360,841840,0.049
310,1510,934690,0.047
310,1660,1027540,0.045
310,1810,1120390,0.048
310,1960,1213240,0.047
310,2110,1306090,0.048
310,2260,1398940,0.049
310,2410,1491790,0.047
310,2560,1584640,0.053
310,2710,1677490,0.051
310,2860,1770340,0.05
310,3010,1863190,0.053
310,3160,1956040,0.052
310,3310,2048890,0.068
310,3460,2141740,0.055
310,3610,2234590,0.057
310,3760,2327440,0.061
310,3910,2420290,0.065
310,4060,2513140,0.063
310,4210,2605990,0.062
310,4360,2698840,0.068
310,4510,2791690,0.065
310,4660,2884540,0.065
310,4810,2977390,0.07
310,4960,3070240,0.068
310,5110,3163090,0.069
310,5260,3255940,0.071
310,5410,3348790,0.072
310,5560,3441640,0.072
310,5710,3534490,0.074
310,5860,3627340,0.074
310,6010,3720190,0.078
310,6160,3813040,0.089
310,6310,3905890,0.076
310,6460,3998740,0.08
310,6610,4091590,0.083
310,6760,4184440,0.084
310,6910,4277290,0.083
310,7060,4370140,0.083
310,7210,4462990,0.086
310,7360,4555840,0.087
310,7510,4648690,0.091
310,7660,4741540,0.086
310,7810,4834390,0.093
310,7960,4927240,0.095
310,8110,5020090,0.092
460,10,9190,0.047
460,160,147040,0.061
460,310,284890,0.053
460,460,422740,0.047
460,610,560590,0.049
460,760,698440,0.051
460,910,836290,0.047
460,1060,974140,0.056
460,1210,1111990,0.049
460,1360,1249840,0.047
460,1510,1387690,0.049
460,1660,1525540,0.049
460,1810,1663390,0.048
460,1960,1801240,0.052
460,2110,1939090,0.066
460,2260,2076940,0.051
460,2410,2214790,0.051
460,2560,2352640,0.054
460,2710,2490490,0.061
460,2860,2628340,0.072
460,3010,2766190,0.064
460,3160,2904040,0.066
460,3310,3041890,0.092
460,3460,3179740,0.067
460,3610,3317590,0.069
460,3760,3455440,0.07
460,3910,3593290,0.072
460,4060,3731140,0.074
460,4210,3868990,0.086
460,4360,4006840,0.078
460,4510,4144690,0.08
460,4660,4282540,0.08
460,4810,4420390,0.082
460,4960,4558240,0.085
460,5110,4696090,0.082
460,5260,4833940,0.089
460,5410,4971790,0.087
460,5560,5109640,0.094
460,5710,5247490,0.088
460,5860,5385340,0.089
460,6010,5523190,0.09
460,6160,5661040,0.091
460,6310,5798890,0.092
460,6460,5936740,0.095
460,6610,6074590,0.096
460,6760,6212440,0.097
460,6910,6350290,0.097
460,7060,6488140,0.099
460,7210,6625990,0.113
460,7360,6763840,0.102
460,7510,6901690,0.119
460,7660,7039540,0.104
460,7810,7177390,0.107
460,7960,7315240,0.109
460,8110,7453090,0.115
610,10,12190,0.046
610,160,195040,0.065
610,310,377890,0.049
610,460,560740,0.046
610,610,743590,0.046
610,760,926440,0.049
610,910,1109290,0.048
610,1060,1292140,0.049
610,1210,1474990,0.06
610,1360,1657840,0.081
610,1510,1840690,0.049
610,1660,2023540,0.051
610,1810,2206390,0.052
610,1960,2389240,0.076
610,2110,2572090,0.059
610,2260,2754940,0.087
610,2410,2937790,0.064
610,2560,3120640,0.066
610,2710,3303490,0.074
610,2860,3486340,0.073
610,3010,3669190,0.085
610,3160,3852040,0.076
610,3310,4034890,0.08
610,3460,4217740,0.08
610,3610,4400590,0.092
610,3760,4583440,0.085
610,3910,4766290,0.085
610,4060,4949140,0.086
610,4210,5131990,0.09
610,4360,5314840,0.089
610,4510,5497690,0.092
610,4660,5680540,0.093
610,4810,5863390,0.093
610,4960,6046240,0.097
610,5110,6229090,0.099
610,5260,6411940,0.11
610,5410,6594790,0.103
610,5560,6777640,0.106
610,5710,6960490,0.106
610,5860,7143340,0.108
610,6010,7326190,0.109
610,6160,7509040,0.113
610,6310,7691890,0.114
610,6460,7874740,0.114
610,6610,8057590,0.117
610,6760,8240440,0.118
610,6910,8423290,0.125
610,7060,8606140,0.126
610,7210,8788990,0.122
610,7360,8971840,0.14
610,7510,9154690,0.125
610,7660,9337540,0.127
610,7810,9520390,0.133
610,7960,9703240,0.132
610,8110,9886090,0.133
760,10,15190,0.055
760,160,243040,0.052
760,310,470890,0.048
760,460,698740,0.047
760,610,926590,0.049
760,760,1154440,0.054
760,910,1382290,0.048
760,1060,1610140,0.051
760,1210,1837990,0.05
760,1360,2065840,0.053
760,1510,2293690,0.056
760,1660,2521540,0.061
760,1810,2749390,0.063
760,1960,2977240,0.067
760,2110,3205090,0.068
760,2260,3432940,0.075
760,2410,3660790,0.079
760,2560,3888640,0.074
760,2710,4116490,0.082
760,2860,4344340,0.084
760,3010,4572190,0.084
760,3160,4800040,0.087
760,3310,5027890,0.089
760,3460,5255740,0.089
760,3610,5483590,0.101
760,3760,5711440,0.094
760,3910,5939290,0.095
760,4060,6167140,0.099
760,4210,6394990,0.099
760,4360,6622840,0.112
760,4510,6850690,0.103
760,4660,7078540,0.105
760,4810,7306390,0.106
760,4960,7534240,0.112
760,5110,7762090,0.116
760,5260,7989940,0.117
760,5410,8217790,0.117
760,5560,8445640,0.12
760,5710,8673490,0.121
760,5860,8901340,0.126
760,6010,9129190,0.127
760,6160,9357040,0.126
760,6310,9584890,0.133
760,6460,9812740,0.13
760,6610,10040590,0.132
760,6760,10268440,0.133
760,6910,10496290,0.136
760,7060,10724140,0.137
760,7210,10951990,0.141
760,7360,11179840,0.143
760,7510,11407690,0.145
760,7660,11635540,0.145
760,7810,11863390,0.148
760,7960,12091240,0.153
760,8110,12319090,0.153
910,10,18190,0.055
910,160,291040,0.05
910,310,563890,0.062
910,460,836740,0.048
910,610,1109590,0.048
910,760,1382440,0.051
910,910,1655290,0.048
910,1060,1928140,0.071
910,1210,2200990,0.053
910,1360,2473840,0.059
910,1510,2746690,0.062
910,1660,3019540,0.065
910,1810,3292390,0.068
910,1960,3565240,0.072
910,2110,3838090,0.071
910,2260,4110940,0.074
910,2410,4383790,0.076
910,2560,4656640,0.078
910,2710,4929490,0.084
910,2860,5202340,0.098
910,3010,5475190,0.087
910,3160,5748040,0.089
910,3310,6020890,0.091
910,3460,6293740,0.102
910,3610,6566590,0.102
910,3760,6839440,0.098
910,3910,7112290,0.099
910,4060,7385140,0.101
910,4210,7657990,0.104
910,4360,7930840,0.106
910,4510,8203690,0.109
910,4660,8476540,0.112
910,4810,8749390,0.116
910,4960,9022240,0.114
910,5110,9295090,0.118
910,5260,9567940,0.126
910,5410,9840790,0.126
910,5560,10113640,0.129
910,5710,10386490,0.128
910,5860,10659340,0.132
910,6010,10932190,0.131
910,6160,11205040,0.14
910,6310,11477890,0.137
910,6460,11750740,0.139
910,6610,12023590,0.14
910,6760,12296440,0.143
910,6910,12569290,0.148
910,7060,12842140,0.148
910,7210,13114990,0.166
910,7360,13387840,0.151
910,7510,13660690,0.157
910,7660,13933540,0.157
910,7810,14206390,0.161
910,7960,14479240,0.162
910,8110,14752090,0.163
1060,10,21190,0.056
1060,160,339040,0.067
1060,310,656890,0.048
1060,460,974740,0.047
1060,610,1292590,0.048
1060,760,1610440,0.047
1060,910,1928290,0.064
1060,1060,2246140,0.055
1060,1210,2563990,0.061
1060,1360,2881840,0.072
1060,1510,3199690,0.07
1060,1660,3517540,0.071
1060,1810,3835390,0.09
1060,1960,4153240,0.076
1060,2110,4471090,0.079
1060,2260,4788940,0.08
1060,2410,5106790,0.084
1060,2560,5424640,0.087
1060,2710,5742490,0.09
1060,2860,6060340,0.1
1060,3010,6378190,0.096
1060,3160,6696040,0.097
1060,3310,7013890,0.1
1060,3460,7331740,0.103
1060,3610,7649590,0.108
1060,3760,7967440,0.108
1060,3910,8285290,0.113
1060,4060,8603140,0.119
1060,4210,8920990,0.12
1060,4360,9238840,0.122
1060,4510,9556690,0.125
1060,4660,9874540,0.127
1060,4810,10192390,0.129
1060,4960,10510240,0.131
1060,5110,10828090,0.134
1060,5260,11145940,0.141
1060,5410,11463790,0.143
1060,5560,11781640,0.145
1060,5710,12099490,0.146
1060,5860,12417340,0.149
1060,6010,12735190,0.153
1060,6160,13053040,0.156
1060,6310,13370890,0.157
1060,6460,13688740,0.159
1060,6610,14006590,0.164
1060,6760,14324440,0.17
1060,6910,14642290,0.169
1060,7060,14960140,0.175
1060,7210,15277990,0.172
1060,7360,15595840,0.177
1060,7510,15913690,0.177
1060,7660,16231540,0.186
1060,7810,16549390,0.188
1060,7960,16867240,0.194
1060,8110,17185090,0.194
1210,10,24190,0.06
1210,160,387040,0.056
1210,310,749890,0.051
1210,460,1112740,0.051
1210,610,1475590,0.055
1210,760,1838440,0.062
1210,910,2201290,0.055
1210,1060,2564140,0.062
1210,1210,2926990,0.066
1210,1360,3289840,0.068
1210,1510,3652690,0.073
1210,1660,4015540,0.085
1210,1810,4378390,0.082
1210,1960,4741240,0.083
1210,2110,5104090,0.085
1210,2260,5466940,0.089
1210,2410,5829790,0.1
1210,2560,6192640,0.1
1210,2710,6555490,0.098
1210,2860,6918340,0.119
1210,3010,7281190,0.127
1210,3160,7644040,0.106
1210,3310,8006890,0.113
1210,3460,8369740,0.116
1210,3610,8732590,0.126
1210,3760,9095440,0.123
1210,3910,9458290,0.123
1210,4060,9821140,0.126
1210,4210,10183990,0.129
1210,4360,10546840,0.132
1210,4510,10909690,0.137
1210,4660,11272540,0.138
1210,4810,11635390,0.141
1210,4960,11998240,0.142
1210,5110,12361090,0.147
1210,5260,12723940,0.152
1210,5410,13086790,0.155
1210,5560,13449640,0.158
1210,5710,13812490,0.16
1210,5860,14175340,0.162
1210,6010,14538190,0.166
1210,6160,14901040,0.169
1210,6310,15263890,0.181
1210,6460,15626740,0.176
1210,6610,15989590,0.176
1210,6760,16352440,0.18
1210,6910,16715290,0.186
1210,7060,17078140,0.186
1210,7210,17440990,0.189
1210,7360,17803840,0.19
1210,7510,18166690,0.194
1210,7660,18529540,0.201
1210,7810,18892390,0.203
1210,7960,19255240,0.203
1210,8110,19618090,0.206
1360,10,27190,0.067
1360,160,435040,0.05
1360,310,842890,0.05
1360,460,1250740,0.048
1360,610,1658590,0.054
1360,760,2066440,0.05
1360,910,2474290,0.077
1360,1060,2882140,0.064
1360,1210,3289990,0.069
1360,1360,3697840,0.071
1360,1510,4105690,0.074
1360,1660,4513540,0.083
1360,1810,4921390,0.084
1360,1960,5329240,0.086
1360,2110,5737090,0.088
1360,2260,6144940,0.09
1360,2410,6552790,0.095
1360,2560,6960640,0.098
1360,2710,7368490,0.102
1360,2860,7776340,0.106
1360,3010,8184190,0.109
1360,3160,8592040,0.114
1360,3310,8999890,0.116
1360,3460,9407740,0.119
1360,3610,9815590,0.133
1360,3760,10223440,0.125
1360,3910,10631290,0.131
1360,4060,11039140,0.132
1360,4210,11446990,0.137
1360,4360,11854840,0.139
1360,4510,12262690,0.143
1360,4660,12670540,0.146
1360,4810,13078390,0.15
1360,4960,13486240,0.153
1360,5110,13894090,0.169
1360,5260,14301940,0.161
1360,5410,14709790,0.164
1360,5560,15117640,0.168
1360,5710,15525490,0.169
1360,5860,15933340,0.173
1360,6010,16341190,0.174
1360,6160,16749040,0.178
1360,6310,17156890,0.182
1360,6460,17564740,0.184
1360,6610,17972590,0.19
1360,6760,18380440,0.193
1360,6910,18788290,0.195
1360,7060,19196140,0.199
1360,7210,19603990,0.205
1360,7360,20011840,0.21
1360,7510,20419690,0.211
1360,7660,20827540,0.212
1360,7810,21235390,0.226
1360,7960,21643240,0.22
1360,8110,22051090,0.222
1510,10,30190,0.057
1510,160,483040,0.05
1510,310,935890,0.05
1510,460,1388740,0.049
1510,610,1841590,0.052
1510,760,2294440,0.057
1510,910,2747290,0.062
1510,1060,3200140,0.068
1510,1210,3652990,0.072
1510,1360,4105840,0.086
1510,1510,4558690,0.081
1510,1660,5011540,0.09
1510,1810,5464390,0.093
1510,1960,5917240,0.092
1510,2110,6370090,0.095
1510,2260,6822940,0.099
1510,2410,7275790,0.106
1510,2560,7728640,0.115
1510,2710,8181490,0.117
1510,2860,8634340,0.121
1510,3010,9087190,0.118
1510,3160,9540040,0.122
1510,3310,9992890,0.138
1510,3460,10445740,0.133
1510,3610,10898590,0.132
1510,3760,11351440,0.137
1510,3910,11804290,0.14
1510,4060,12257140,0.144
1510,4210,12709990,0.159
1510,4360,13162840,0.156
1510,4510,13615690,0.156
1510,4660,14068540,0.159
1510,4810,14521390,0.167
1510,4960,14974240,0.174
1510,5110,15427090,0.174
1510,5260,15879940,0.179
1510,5410,16332790,0.181
1510,5560,16785640,0.182
1510,5710,17238490,0.19
1510,5860,17691340,0.195
1510,6010,18144190,0.2
1510,6160,18597040,0.197
1510,6310,19049890,0.2
1510,6460,19502740,0.212
1510,6610,19955590,0.212
1510,6760,20408440,0.214
1510,6910,20861290,0.217
1510,7060,21314140,0.221
1510,7210,21766990,0.225
1510,7360,22219840,0.227
1510,7510,22672690,0.235
1510,7660,23125540,0.235
1510,7810,23578390,0.239
1510,7960,24031240,0.242
1510,8110,24484090,0.254
1660,10,33190,0.071
1660,160,531040,0.053
1660,310,1028890,0.049
1660,460,1526740,0.051
1660,610,2024590,0.048
1660,760,2522440,0.076
1660,910,3020290,0.066
1660,1060,3518140,0.072
1660,1210,4015990,0.074
1660,1360,4513840,0.082
1660,1510,5011690,0.083
1660,1660,5509540,0.091
1660,1810,6007390,0.095
1660,1960,6505240,0.1
1660,2110,7003090,0.1
1660,2260,7500940,0.106
1660,2410,7998790,0.11
1660,2560,8496640,0.114
1660,2710,8994490,0.128
1660,2860,9492340,0.128
1660,3010,9990190,0.137
1660,3160,10488040,0.128
1660,3310,10985890,0.136
1660,3460,11483740,0.139
1660,3610,11981590,0.143
1660,3760,12479440,0.149
1660,3910,12977290,0.154
1660,4060,13475140,0.155
1660,4210,13972990,0.158
1660,4360,14470840,0.162
1660,4510,14968690,0.166
1660,4660,15466540,0.169
1660,4810,15964390,0.173
1660,4960,16462240,0.178
1660,5110,16960090,0.189
1660,5260,17457940,0.185
1660,5410,17955790,0.19
1660,5560,18453640,0.193
1660,5710,18951490,0.205
1660,5860,19449340,0.202
1660,6010,19947190,0.206
1660,6160,20445040,0.21
1660,6310,20942890,0.215
1660,6460,21440740,0.218
1660,6610,21938590,0.223
1660,6760,22436440,0.226
1660,6910,22934290,0.233
1660,7060,23432140,0.235
1660,7210,23929990,0.24
1660,7360,24427840,0.25
1660,7510,24925690,0.246
1660,7660,25423540,0.25
1660,7810,25921390,0.252
1660,7960,26419240,0.255
1660,8110,26917090,0.266
1810,10,36190,0.055
1810,160,579040,0.051
1810,310,1121890,0.058
1810,460,1664740,0.064
1810,610,2207590,0.052
1810,760,2750440,0.062
1810,910,3293290,0.066
1810,1060,3836140,0.073
1810,1210,4378990,0.077
1810,1360,4921840,0.086
1810,1510,5464690,0.087
1810,1660,6007540,0.093
1810,1810,6550390,0.102
1810,1960,7093240,0.1
1810,2110,7636090,0.102
1810,2260,8178940,0.11
1810,2410,8721790,0.117
1810,2560,9264640,0.119
1810,2710,9807490,0.123
1810,2860,10350340,0.127
1810,3010,10893190,0.13
1810,3160,11436040,0.134
1810,3310,11978890,0.142
1810,3460,12521740,0.144
1810,3610,13064590,0.149
1810,3760,13607440,0.152
1810,3910,14150290,0.156
1810,4060,14693140,0.162
1810,4210,15235990,0.167
1810,4360,15778840,0.171
1810,4510,16321690,0.175
1810,4660,16864540,0.184
1810,4810,17407390,0.184
1810,4960,17950240,0.188
1810,5110,18493090,0.203
1810,5260,19035940,0.197
1810,5410,19578790,0.201
1810,5560,20121640,0.205
1810,5710,20664490,0.209
1810,5860,21207340,0.215
1810,6010,21750190,0.217
1810,6160,22293040,0.229
1810,6310,22835890,0.234
1810,6460,23378740,0.231
1810,6610,23921590,0.242
1810,6760,24464440,0.24
1810,6910,25007290,0.249
1810,7060,25550140,0.25
1810,7210,26092990,0.252
1810,7360,26635840,0.262
1810,7510,27178690,0.261
1810,7660,27721540,0.265
1810,7810,28264390,0.269
1810,7960,28807240,0.28
1810,8110,29350090,0.283
1960,10,39190,0.055
1960,160,627040,0.049
1960,310,1214890,0.048
1960,460,1802740,0.049
1960,610,2390590,0.069
1960,760,2978440,0.063
1960,910,3566290,0.079
1960,1060,4154140,0.077
1960,1210,4741990,0.08
1960,1360,5329840,0.089
1960,1510,5917690,0.093
1960,1660,6505540,0.103
1960,1810,7093390,0.116
1960,1960,7681240,0.109
1960,2110,8269090,0.113
1960,2260,8856940,0.117
1960,2410,9444790,0.123
1960,2560,10032640,0.128
1960,2710,10620490,0.137
1960,2860,11208340,0.142
1960,3010,11796190,0.145
1960,3160,12384040,0.148
1960,3310,12971890,0.165
1960,3460,13559740,0.159
1960,3610,14147590,0.16
1960,3760,14735440,0.166
1960,3910,15323290,0.174
1960,4060,15911140,0.178
1960,4210,16498990,0.186
1960,4360,17086840,0.192
1960,4510,17674690,0.192
1960,4660,18262540,0.195
1960,4810,18850390,0.201
1960,4960,19438240,0.201
1960,5110,20026090,0.21
1960,5260,20613940,0.216
1960,5410,21201790,0.219
1960,5560,21789640,0.226
1960,5710,22377490,0.228
1960,5860,22965340,0.236
1960,6010,23553190,0.24
1960,6160,24141040,0.25
1960,6310,24728890,0.252
1960,6460,25316740,0.253
1960,6610,25904590,0.256
1960,6760,26492440,0.262
1960,6910,27080290,0.268
1960,7060,27668140,0.277
1960,7210,28255990,0.276
1960,7360,28843840,0.279
1960,7510,29431690,0.288
1960,7660,30019540,0.29
1960,7810,30607390,0.298
1960,7960,31195240,0.308
1960,8110,31783090,0.309
2110,10,42190,0.07
2110,160,675040,0.049
2110,310,1307890,0.05
2110,460,1940740,0.078
2110,610,2573590,0.06
2110,760,3206440,0.066
2110,910,3839290,0.072
2110,1060,4472140,0.079
2110,1210,5104990,0.096
2110,1360,5737840,0.091
2110,1510,6370690,0.095
2110,1660,7003540,0.102
2110,1810,7636390,0.108
2110,1960,8269240,0.122
2110,2110,8902090,0.115
2110,2260,9534940,0.121
2110,2410,10167790,0.127
2110,2560,10800640,0.131
2110,2710,11433490,0.138
2110,2860,12066340,0.142
2110,3010,12699190,0.149
2110,3160,13332040,0.152
2110,3310,13964890,0.159
2110,3460,14597740,0.169
2110,3610,15230590,0.167
2110,3760,15863440,0.172
2110,3910,16496290,0.177
2110,4060,17129140,0.182
2110,4210,17761990,0.19
2110,4360,18394840,0.193
2110,4510,19027690,0.205
2110,4660,19660540,0.203
2110,4810,20293390,0.208
2110,4960,20926240,0.212
2110,5110,21559090,0.224
2110,5260,22191940,0.235
2110,5410,22824790,0.238
2110,5560,23457640,0.232
2110,5710,24090490,0.244
2110,5860,24723340,0.245
2110,6010,25356190,0.249
2110,6160,25989040,0.259
2110,6310,26621890,0.258
2110,6460,27254740,0.263
2110,6610,27887590,0.269
2110,6760,28520440,0.273
2110,6910,29153290,0.277
2110,7060,29786140,0.287
2110,7210,30418990,0.29
2110,7360,31051840,0.295
2110,7510,31684690,0.299
2110,7660,32317540,0.304
2110,7810,32950390,0.309
2110,7960,33583240,0.316
2110,8110,34216090,0.32
2260,10,45190,0.056
2260,160,723040,0.048
2260,310,1400890,0.078
2260,460,2078740,0.049
2260,610,2756590,0.061
2260,760,3434440,0.07
2260,910,4112290,0.076
2260,1060,4790140,0.081
2260,1210,5467990,0.087
2260,1360,6145840,0.108
2260,1510,6823690,0.101
2260,1660,7501540,0.109
2260,1810,8179390,0.113
2260,1960,8857240,0.116
2260,2110,9535090,0.161
2260,2260,10212940,0.128
2260,2410,10890790,0.135
2260,2560,11568640,0.144
2260,2710,12246490,0.148
2260,2860,12924340,0.152
2260,3010,13602190,0.172
2260,3160,14280040,0.162
2260,3310,14957890,0.167
2260,3460,15635740,0.172
2260,3610,16313590,0.178
2260,3760,16991440,0.189
2260,3910,17669290,0.189
2260,4060,18347140,0.193
2260,4210,19024990,0.203
2260,4360,19702840,0.207
2260,4510,20380690,0.254
2260,4660,21058540,0.216
2260,4810,21736390,0.224
2260,4960,22414240,0.229
2260,5110,23092090,0.232
2260,5260,23769940,0.237
2260,5410,24447790,0.254
2260,5560,25125640,0.25
2260,5710,25803490,0.261
2260,5860,26481340,0.258
2260,6010,27159190,0.265
2260,6160,27837040,0.27
2260,6310,28514890,0.287
2260,6460,29192740,0.28
2260,6610,29870590,0.286
2260,6760,30548440,0.292
2260,6910,31226290,0.297
2260,7060,31904140,0.313
2260,7210,32581990,0.313
2260,7360,33259840,0.319
2260,7510,33937690,0.32
2260,7660,34615540,0.326
2260,7810,35293390,0.341
2260,7960,35971240,0.338
2260,8110,36649090,0.339
2410,10,48190,0.056
2410,160,771040,0.05
2410,310,1493890,0.048
2410,460,2216740,0.054
2410,610,2939590,0.064
2410,760,3662440,0.069
2410,910,4385290,0.089
2410,1060,5108140,0.087
2410,1210,5830990,0.087
2410,1360,6553840,0.099
2410,1510,7276690,0.101
2410,1660,7999540,0.114
2410,1810,8722390,0.118
2410,1960,9445240,0.121
2410,2110,10168090,0.127
2410,2260,10890940,0.132
2410,2410,11613790,0.138
2410,2560,12336640,0.16
2410,2710,13059490,0.149
2410,2860,13782340,0.156
2410,3010,14505190,0.163
2410,3160,15228040,0.168
2410,3310,15950890,0.194
2410,3460,16673740,0.18
2410,3610,17396590,0.186
2410,3760,18119440,0.191
2410,3910,18842290,0.204
2410,4060,19565140,0.202
2410,4210,20287990,0.212
2410,4360,21010840,0.22
2410,4510,21733690,0.22
2410,4660,22456540,0.228
2410,4810,23179390,0.243
2410,4960,23902240,0.248
2410,5110,24625090,0.248
2410,5260,25347940,0.25
2410,5410,26070790,0.256
2410,5560,26793640,0.262
2410,5710,27516490,0.269
2410,5860,28239340,0.273
2410,6010,28962190,0.278
2410,6160,29685040,0.288
2410,6310,30407890,0.289
2410,6460,31130740,0.307
2410,6610,31853590,0.304
2410,6760,32576440,0.307
2410,6910,33299290,0.316
2410,7060,34022140,0.318
2410,7210,34744990,0.329
2410,7360,35467840,0.332
2410,7510,36190690,0.341
2410,7660,36913540,0.343
2410,7810,37636390,0.348
2410,7960,38359240,0.354
2410,8110,39082090,0.36
2560,10,51190,0.055
2560,160,819040,0.048
2560,310,1586890,0.049
2560,460,2354740,0.055
2560,610,3122590,0.063
2560,760,3890440,0.069
2560,910,4658290,0.077
2560,1060,5426140,0.089
2560,1210,6193990,0.089
2560,1360,6961840,0.099
2560,1510,7729690,0.101
2560,1660,8497540,0.125
2560,1810,9265390,0.118
2560,1960,10033240,0.133
2560,2110,10801090,0.128
2560,2260,11568940,0.132
2560,2410,12336790,0.139
2560,2560,13104640,0.145
2560,2710,13872490,0.154
2560,2860,14640340,0.157
2560,3010,15408190,0.165
2560,3160,16176040,0.178
2560,3310,16943890,0.179
2560,3460,17711740,0.183
2560,3610,18479590,0.19
2560,3760,19247440,0.193
2560,3910,20015290,0.202
2560,4060,20783140,0.204
2560,4210,21550990,0.212
2560,4360,22318840,0.218
2560,4510,23086690,0.224
2560,4660,23854540,0.243
2560,4810,24622390,0.242
2560,4960,25390240,0.242
2560,5110,26158090,0.25
2560,5260,26925940,0.258
2560,5410,27693790,0.263
2560,5560,28461640,0.27
2560,5710,29229490,0.275
2560,5860,29997340,0.28
2560,6010,30765190,0.285
2560,6160,31533040,0.292
2560,6310,32300890,0.296
2560,6460,33068740,0.305
2560,6610,33836590,0.31
2560,6760,34604440,0.315
2560,6910,35372290,0.321
2560,7060,36140140,0.326
2560,7210,36907990,0.332
2560,7360,37675840,0.34
2560,7510,38443690,0.345
2560,7660,39211540,0.351
2560,7810,39979390,0.356
2560,7960,40747240,0.363
2560,8110,41515090,0.372
2710,10,54190,0.059
2710,160,867040,0.052
2710,310,1679890,0.048
2710,460,2492740,0.058
2710,610,3305590,0.065
2710,760,4118440,0.072
2710,910,4931290,0.081
2710,1060,5744140,0.091
2710,1210,6556990,0.096
2710,1360,7369840,0.115
2710,1510,8182690,0.111
2710,1660,8995540,0.12
2710,1810,9808390,0.128
2710,1960,10621240,0.131
2710,2110,11434090,0.138
2710,2260,12246940,0.145
2710,2410,13059790,0.16
2710,2560,13872640,0.159
2710,2710,14685490,0.163
2710,2860,15498340,0.174
2710,3010,16311190,0.184
2710,3160,17124040,0.184
2710,3310,17936890,0.199
2710,3460,18749740,0.197
2710,3610,19562590,0.203
2710,3760,20375440,0.208
2710,3910,21188290,0.218
2710,4060,22001140,0.222
2710,4210,22813990,0.23
2710,4360,23626840,0.236
2710,4510,24439690,0.243
2710,4660,25252540,0.258
2710,4810,26065390,0.258
2710,4960,26878240,0.277
2710,5110,27691090,0.269
2710,5260,28503940,0.277
2710,5410,29316790,0.286
2710,5560,30129640,0.288
2710,5710,30942490,0.294
2710,5860,31755340,0.302
2710,6010,32568190,0.308
2710,6160,33381040,0.315
2710,6310,34193890,0.322
2710,6460,35006740,0.343
2710,6610,35819590,0.335
2710,6760,36632440,0.347
2710,6910,37445290,0.348
2710,7060,38258140,0.354
2710,7210,39070990,0.368
2710,7360,39883840,0.368
2710,7510,40696690,0.374
2710,7660,41509540,0.38
2710,7810,42322390,0.385
2710,7960,43135240,0.398
2710,8110,43948090,0.4
2860,10,57190,0.055
2860,160,915040,0.053
2860,310,1772890,0.049
2860,460,2630740,0.076
2860,610,3488590,0.067
2860,760,4346440,0.074
2860,910,5204290,0.086
2860,1060,6062140,0.095
2860,1210,6919990,0.101
2860,1360,7777840,0.11
2860,1510,8635690,0.122
2860,1660,9493540,0.127
2860,1810,10351390,0.13
2860,1960,11209240,0.141
2860,2110,12067090,0.141
2860,2260,12924940,0.149
2860,2410,13782790,0.157
2860,2560,14640640,0.165
2860,2710,15498490,0.171
2860,2860,16356340,0.177
2860,3010,17214190,0.185
2860,3160,18072040,0.189
2860,3310,18929890,0.205
2860,3460,19787740,0.204
2860,3610,20645590,0.21
2860,3760,21503440,0.221
2860,3910,22361290,0.229
2860,4060,23219140,0.231
2860,4210,24076990,0.241
2860,4360,24934840,0.247
2860,4510,25792690,0.254
2860,4660,26650540,0.26
2860,4810,27508390,0.27
2860,4960,28366240,0.275
2860,5110,29224090,0.281
2860,5260,30081940,0.287
2860,5410,30939790,0.297
2860,5560,31797640,0.302
2860,5710,32655490,0.31
2860,5860,33513340,0.315
2860,6010,34371190,0.322
2860,6160,35229040,0.334
2860,6310,36086890,0.346
2860,6460,36944740,0.342
2860,6610,37802590,0.35
2860,6760,38660440,0.367
2860,6910,39518290,0.379
2860,7060,40376140,0.38
2860,7210,41233990,0.376
2860,7360,42091840,0.386
2860,7510,42949690,0.401
2860,7660,43807540,0.404
2860,7810,44665390,0.403
2860,7960,45523240,0.413
2860,8110,46381090,0.427
3010,10,60190,0.056
3010,160,963040,0.052
3010,310,1865890,0.049
3010,460,2768740,0.063
3010,610,3671590,0.068
3010,760,4574440,0.091
3010,910,5477290,0.089
3010,1060,6380140,0.112
3010,1210,7282990,0.1
3010,1360,8185840,0.116
3010,1510,9088690,0.115
3010,1660,9991540,0.126
3010,1810,10894390,0.131
3010,1960,11797240,0.137
3010,2110,12700090,0.144
3010,2260,13602940,0.151
3010,2410,14505790,0.173
3010,2560,15408640,0.168
3010,2710,16311490,0.174
3010,2860,17214340,0.181
3010,3010,18117190,0.196
3010,3160,19020040,0.2
3010,3310,19922890,0.205
3010,3460,20825740,0.21
3010,3610,21728590,0.217
3010,3760,22631440,0.231
3010,3910,23534290,0.233
3010,4060,24437140,0.244
3010,4210,25339990,0.246
3010,4360,26242840,0.253
3010,4510,27145690,0.261
3010,4660,28048540,0.267
3010,4810,28951390,0.279
3010,4960,29854240,0.284
3010,5110,30757090,0.291
3010,5260,31659940,0.297
3010,5410,32562790,0.31
3010,5560,33465640,0.311
3010,5710,34368490,0.327
3010,5860,35271340,0.325
3010,6010,36174190,0.335
3010,6160,37077040,0.341
3010,6310,37979890,0.354
3010,6460,38882740,0.356
3010,6610,39785590,0.361
3010,6760,40688440,0.375
3010,6910,41591290,0.375
3010,7060,42494140,0.383
3010,7210,43396990,0.394
3010,7360,44299840,0.399
3010,7510,45202690,0.405
3010,7660,46105540,0.411
3010,7810,47008390,0.418
3010,7960,47911240,0.424
3010,8110,48814090,0.432
3160,10,63190,0.054
3160,160,1011040,0.054
3160,310,1958890,0.067
3160,460,2906740,0.063
3160,610,3854590,0.07
3160,760,4802440,0.079
3160,910,5750290,0.088
3160,1060,6698140,0.094
3160,1210,7645990,0.101
3160,1360,8593840,0.112
3160,1510,9541690,0.116
3160,1660,10489540,0.126
3160,1810,11437390,0.132
3160,1960,12385240,0.141
3160,2110,13333090,0.152
3160,2260,14280940,0.153
3160,2410,15228790,0.159
3160,2560,16176640,0.168
3160,2710,17124490,0.177
3160,2860,18072340,0.197
3160,3010,19020190,0.188
3160,3160,19968040,0.197
3160,3310,20915890,0.206
3160,3460,21863740,0.215
3160,3610,22811590,0.22
3160,3760,23759440,0.237
3160,3910,24707290,0.233
3160,4060,25655140,0.24
3160,4210,26602990,0.247
3160,4360,27550840,0.254
3160,4510,28498690,0.264
3160,4660,29446540,0.272
3160,4810,30394390,0.282
3160,4960,31342240,0.284
3160,5110,32290090,0.292
3160,5260,33237940,0.299
3160,5410,34185790,0.306
3160,5560,35133640,0.313
3160,5710,36081490,0.32
3160,5860,37029340,0.329
3160,6010,37977190,0.335
3160,6160,38925040,0.341
3160,6310,39872890,0.353
3160,6460,40820740,0.362
3160,6610,41768590,0.364
3160,6760,42716440,0.374
3160,6910,43664290,0.379
3160,7060,44612140,0.392
3160,7210,45559990,0.395
3160,7360,46507840,0.401
3160,7510,47455690,0.412
3160,7660,48403540,0.418
3160,7810,49351390,0.432
3160,7960,50299240,0.429
3160,8110,51247090,0.437
3310,10,66190,0.066
3310,160,1059040,0.048
3310,310,2051890,0.05
3310,460,3044740,0.063
3310,610,4037590,0.072
3310,760,5030440,0.084
3310,910,6023290,0.097
3310,1060,7016140,0.101
3310,1210,8008990,0.107
3310,1360,9001840,0.116
3310,1510,9994690,0.124
3310,1660,10987540,0.156
3310,1810,11980390,0.139
3310,1960,12973240,0.146
3310,2110,13966090,0.155
3310,2260,14958940,0.163
3310,2410,15951790,0.17
3310,2560,16944640,0.18
3310,2710,17937490,0.184
3310,2860,18930340,0.197
3310,3010,19923190,0.2
3310,3160,20916040,0.207
3310,3310,21908890,0.216
3310,3460,22901740,0.224
3310,3610,23894590,0.23
3310,3760,24887440,0.24
3310,3910,25880290,0.247
3310,4060,26873140,0.258
3310,4210,27865990,0.262
3310,4360,28858840,0.271
3310,4510,29851690,0.278
3310,4660,30844540,0.286
3310,4810,31837390,0.292
3310,4960,32830240,0.301
3310,5110,33823090,0.309
3310,5260,34815940,0.321
3310,5410,35808790,0.323
3310,5560,36801640,0.33
3310,5710,37794490,0.338
3310,5860,38787340,0.352
3310,6010,39780190,0.355
3310,6160,40773040,0.366
3310,6310,41765890,0.367
3310,6460,42758740,0.381
3310,6610,43751590,0.383
3310,6760,44744440,0.395
3310,6910,45737290,0.398
3310,7060,46730140,0.411
3310,7210,47722990,0.415
3310,7360,48715840,0.421
3310,7510,49708690,0.44
3310,7660,50701540,0.437
3310,7810,51694390,0.445
3310,7960,52687240,0.453
3310,8110,53680090,0.47
3460,10,69190,0.056
3460,160,1107040,0.05
3460,310,2144890,0.052
3460,460,3182740,0.065
3460,610,4220590,0.073
3460,760,5258440,0.082
3460,910,6296290,0.093
3460,1060,7334140,0.104
3460,1210,8371990,0.11
3460,1360,9409840,0.133
3460,1510,10447690,0.126
3460,1660,11485540,0.135
3460,1810,12523390,0.144
3460,1960,13561240,0.176
3460,2110,14599090,0.157
3460,2260,15636940,0.169
3460,2410,16674790,0.176
3460,2560,17712640,0.181
3460,2710,18750490,0.198
3460,2860,19788340,0.2
3460,3010,20826190,0.21
3460,3160,21864040,0.218
3460,3310,22901890,0.223
3460,3460,23939740,0.228
3460,3610,24977590,0.238
3460,3760,26015440,0.248
3460,3910,27053290,0.257
3460,4060,28091140,0.267
3460,4210,29128990,0.268
3460,4360,30166840,0.279
3460,4510,31204690,0.287
3460,4660,32242540,0.295
3460,4810,33280390,0.323
3460,4960,34318240,0.31
3460,5110,35356090,0.317
3460,5260,36393940,0.326
3460,5410,37431790,0.339
3460,5560,38469640,0.341
3460,5710,39507490,0.35
3460,5860,40545340,0.357
3460,6010,41583190,0.382
3460,6160,42621040,0.374
3460,6310,43658890,0.382
3460,6460,44696740,0.393
3460,6610,45734590,0.399
3460,6760,46772440,0.412
3460,6910,47810290,0.416
3460,7060,48848140,0.423
3460,7210,49885990,0.428
3460,7360,50923840,0.438
3460,7510,51961690,0.447
3460,7660,52999540,0.455
3460,7810,54037390,0.47
3460,7960,55075240,0.472
3460,8110,56113090,0.486
3610,10,72190,0.064
3610,160,1155040,0.048
3610,310,2237890,0.053
3610,460,3320740,0.065
3610,610,4403590,0.074
3610,760,5486440,0.084
3610,910,6569290,0.092
3610,1060,7652140,0.101
3610,1210,8734990,0.11
3610,1360,9817840,0.118
3610,1510,10900690,0.127
3610,1660,11983540,0.138
3610,1810,13066390,0.143
3610,1960,14149240,0.151
3610,2110,15232090,0.159
3610,2260,16314940,0.177
3610,2410,17397790,0.197
3610,2560,18480640,0.192
3610,2710,19563490,0.192
3610,2860,20646340,0.202
3610,3010,21729190,0.21
3610,3160,22812040,0.219
3610,3310,23894890,0.237
3610,3460,24977740,0.234
3610,3610,26060590,0.243
3610,3760,27143440,0.251
3610,3910,28226290,0.262
3610,4060,29309140,0.276
3610,4210,30391990,0.279
3610,4360,31474840,0.286
3610,4510,32557690,0.294
3610,4660,33640540,0.308
3610,4810,34723390,0.311
3610,4960,35806240,0.318
3610,5110,36889090,0.326
3610,5260,37971940,0.341
3610,5410,39054790,0.343
3610,5560,40137640,0.356
3610,5710,41220490,0.368
3610,5860,42303340,0.369
3610,6010,43386190,0.38
3610,6160,44469040,0.392
3610,6310,45551890,0.395
3610,6460,46634740,0.401
3610,6610,47717590,0.409
3610,6760,48800440,0.418
3610,6910,49883290,0.437
3610,7060,50966140,0.434
3610,7210,52048990,0.441
3610,7360,53131840,0.45
3610,7510,54214690,0.473
3610,7660,55297540,0.473
3610,7810,56380390,0.475
3610,7960,57463240,0.492
3610,8110,58546090,0.496
3760,10,75190,0.055
3760,160,1203040,0.049
3760,310,2330890,0.056
3760,460,3458740,0.068
3760,610,4586590,0.077
3760,760,5714440,0.086
3760,910,6842290,0.097
3760,1060,7970140,0.103
3760,1210,9097990,0.113
3760,1360,10225840,0.123
3760,1510,11353690,0.13
3760,1660,12481540,0.151
3760,1810,13609390,0.158
3760,1960,14737240,0.156
3760,2110,15865090,0.169
3760,2260,16992940,0.176
3760,2410,18120790,0.184
3760,2560,19248640,0.193
3760,2710,20376490,0.218
3760,2860,21504340,0.209
3760,3010,22632190,0.218
3760,3160,23760040,0.227
3760,3310,24887890,0.242
3760,3460,26015740,0.245
3760,3610,27143590,0.254
3760,3760,28271440,0.266
3760,3910,29399290,0.27
3760,4060,30527140,0.285
3760,4210,31654990,0.288
3760,4360,32782840,0.295
3760,4510,33910690,0.307
3760,4660,35038540,0.314
3760,4810,36166390,0.323
3760,4960,37294240,0.332
3760,5110,38422090,0.345
3760,5260,39549940,0.354
3760,5410,40677790,0.362
3760,5560,41805640,0.366
3760,5710,42933490,0.378
3760,5860,44061340,0.384
3760,6010,45189190,0.392
3760,6160,46317040,0.404
3760,6310,47444890,0.409
3760,6460,48572740,0.417
3760,6610,49700590,0.432
3760,6760,50828440,0.433
3760,6910,51956290,0.443
3760,7060,53084140,0.453
3760,7210,54211990,0.468
3760,7360,55339840,0.468
3760,7510,56467690,0.478
3760,7660,57595540,0.49
3760,7810,58723390,0.499
3760,7960,59851240,0.506
3760,8110,60979090,0.515
3910,10,78190,0.056
3910,160,1251040,0.051
3910,310,2423890,0.059
3910,460,3596740,0.067
3910,610,4769590,0.079
3910,760,5942440,0.105
3910,910,7115290,0.1
3910,1060,8288140,0.106
3910,1210,9460990,0.117
3910,1360,10633840,0.127
3910,1510,11806690,0.136
3910,1660,12979540,0.148
3910,1810,14152390,0.153
3910,1960,15325240,0.165
3910,2110,16498090,0.171
3910,2260,17670940,0.182
3910,2410,18843790,0.194
3910,2560,20016640,0.201
3910,2710,21189490,0.207
3910,2860,22362340,0.216
3910,3010,23535190,0.239
3910,3160,24708040,0.236
3910,3310,25880890,0.244
3910,3460,27053740,0.256
3910,3610,28226590,0.264
3910,3760,29399440,0.276
3910,3910,30572290,0.289
3910,4060,31745140,0.289
3910,4210,32917990,0.299
3910,4360,34090840,0.306
3910,4510,35263690,0.317
3910,4660,36436540,0.323
3910,4810,37609390,0.334
3910,4960,38782240,0.342
3910,5110,39955090,0.352
3910,5260,41127940,0.362
3910,5410,42300790,0.369
3910,5560,43473640,0.38
3910,5710,44646490,0.398
3910,5860,45819340,0.396
3910,6010,46992190,0.407
3910,6160,48165040,0.422
3910,6310,49337890,0.428
3910,6460,50510740,0.434
3910,6610,51683590,0.443
3910,6760,52856440,0.45
3910,6910,54029290,0.46
3910,7060,55202140,0.474
3910,7210,56374990,0.49
3910,7360,57547840,0.49
3910,7510,58720690,0.514
3910,7660,59893540,0.519
3910,7810,61066390,0.537
3910,7960,62239240,0.538
3910,8110,63412090,0.554
4060,10,81190,0.071
4060,160,1299040,0.051
4060,310,2516890,0.061
4060,460,3734740,0.078
4060,610,4952590,0.08
4060,760,6170440,0.093
4060,910,7388290,0.104
4060,1060,8606140,0.11
4060,1210,9823990,0.12
4060,1360,11041840,0.132
4060,1510,12259690,0.14
4060,1660,13477540,0.153
4060,1810,14695390,0.158
4060,1960,15913240,0.168
4060,2110,17131090,0.196
4060,2260,18348940,0.189
4060,2410,19566790,0.198
4060,2560,20784640,0.219
4060,2710,22002490,0.215
4060,2860,23220340,0.225
4060,3010,24438190,0.242
4060,3160,25656040,0.245
4060,3310,26873890,0.265
4060,3460,28091740,0.264
4060,3610,29309590,0.273
4060,3760,30527440,0.284
4060,3910,31745290,0.29
4060,4060,32963140,0.307
4060,4210,34180990,0.31
4060,4360,35398840,0.333
4060,4510,36616690,0.33
4060,4660,37834540,0.345
4060,4810,39052390,0.348
4060,4960,40270240,0.367
4060,5110,41488090,0.367
4060,5260,42705940,0.382
4060,5410,43923790,0.392
4060,5560,45141640,0.395
4060,5710,46359490,0.403
4060,5860,47577340,0.416
4060,6010,48795190,0.435
4060,6160,50013040,0.433
4060,6310,51230890,0.448
4060,6460,52448740,0.466
4060,6610,53666590,0.465
4060,6760,54884440,0.475
4060,6910,56102290,0.486
4060,7060,57320140,0.489
4060,7210,58537990,0.498
4060,7360,59755840,0.509
4060,7510,60973690,0.52
4060,7660,62191540,0.528
4060,7810,63409390,0.541
4060,7960,64627240,0.546
4060,8110,65845090,0.555
4210,10,84190,0.054
4210,160,1347040,0.061
4210,310,2609890,0.062
4210,460,3872740,0.076
4210,610,5135590,0.098
4210,760,6398440,0.094
4210,910,7661290,0.11
4210,1060,8924140,0.12
4210,1210,10186990,0.132
4210,1360,11449840,0.133
4210,1510,12712690,0.159
4210,1660,13975540,0.156
4210,1810,15238390,0.162
4210,1960,16501240,0.172
4210,2110,17764090,0.183
4210,2260,19026940,0.201
4210,2410,20289790,0.201
4210,2560,21552640,0.212
4210,2710,22815490,0.226
4210,2860,24078340,0.234
4210,3010,25341190,0.245
4210,3160,26604040,0.253
4210,3310,27866890,0.26
4210,3460,29129740,0.271
4210,3610,30392590,0.282
4210,3760,31655440,0.29
4210,3910,32918290,0.298
4210,4060,34181140,0.31
4210,4210,35443990,0.318
4210,4360,36706840,0.328
4210,4510,37969690,0.34
4210,4660,39232540,0.348
4210,4810,40495390,0.358
4210,4960,41758240,0.374
4210,5110,43021090,0.376
4210,5260,44283940,0.396
4210,5410,45546790,0.401
4210,5560,46809640,0.407
4210,5710,48072490,0.421
4210,5860,49335340,0.425
4210,6010,50598190,0.435
4210,6160,51861040,0.444
4210,6310,53123890,0.462
4210,6460,54386740,0.466
4210,6610,55649590,0.476
4210,6760,56912440,0.495
4210,6910,58175290,0.495
4210,7060,59438140,0.505
4210,7210,60700990,0.525
4210,7360,61963840,0.524
4210,7510,63226690,0.534
4210,7660,64489540,0.549
4210,7810,65752390,0.559
4210,7960,67015240,0.561
4210,8110,68278090,0.571
4360,10,87190,0.059
4360,160,1395040,0.05
4360,310,2702890,0.078
4360,460,4010740,0.076
4360,610,5318590,0.083
4360,760,6626440,0.096
4360,910,7934290,0.111
4360,1060,9242140,0.12
4360,1210,10549990,0.138
4360,1360,11857840,0.145
4360,1510,13165690,0.16
4360,1660,14473540,0.161
4360,1810,15781390,0.191
4360,1960,17089240,0.191
4360,2110,18397090,0.201
4360,2260,19704940,0.2
4360,2410,21012790,0.219
4360,2560,22320640,0.224
4360,2710,23628490,0.236
4360,2860,24936340,0.249
4360,3010,26244190,0.261
4360,3160,27552040,0.265
4360,3310,28859890,0.291
4360,3460,30167740,0.308
4360,3610,31475590,0.293
4360,3760,32783440,0.327
4360,3910,34091290,0.328
4360,4060,35399140,0.329
4360,4210,36706990,0.356
4360,4360,38014840,0.369
4360,4510,39322690,0.377
4360,4660,40630540,0.365
4360,4810,41938390,0.387
4360,4960,43246240,0.381
4360,5110,44554090,0.395
4360,5260,45861940,0.419
4360,5410,47169790,0.436
4360,5560,48477640,0.427
4360,5710,49785490,0.459
4360,5860,51093340,0.471
4360,6010,52401190,0.46
4360,6160,53709040,0.494
4360,6310,55016890,0.492
4360,6460,56324740,0.491
4360,6610,57632590,0.495
4360,6760,58940440,0.545
4360,6910,60248290,0.515
4360,7060,61556140,0.528
4360,7210,62863990,0.555
4360,7360,64171840,0.541
4360,7510,65479690,0.558
4360,7660,66787540,0.601
4360,7810,68095390,0.607
4360,7960,69403240,0.611
4360,8110,70711090,0.594
4510,10,90190,0.057
4510,160,1443040,0.05
4510,310,2795890,0.062
4510,460,4148740,0.072
4510,610,5501590,0.084
4510,760,6854440,0.095
4510,910,8207290,0.108
4510,1060,9560140,0.118
4510,1210,10912990,0.127
4510,1360,12265840,0.143
4510,1510,13618690,0.155
4510,1660,14971540,0.16
4510,1810,16324390,0.169
4510,1960,17677240,0.194
4510,2110,19030090,0.193
4510,2260,20382940,0.204
4510,2410,21735790,0.213
4510,2560,23088640,0.224
4510,2710,24441490,0.243
4510,2860,25794340,0.242
4510,3010,27147190,0.261
4510,3160,28500040,0.265
4510,3310,29852890,0.276
4510,3460,31205740,0.284
4510,3610,32558590,0.295
4510,3760,33911440,0.306
4510,3910,35264290,0.326
4510,4060,36617140,0.326
4510,4210,37969990,0.339
4510,4360,39322840,0.348
4510,4510,40675690,0.362
4510,4660,42028540,0.369
4510,4810,43381390,0.378
4510,4960,44734240,0.39
4510,5110,46087090,0.406
4510,5260,47439940,0.411
4510,5410,48792790,0.42
4510,5560,50145640,0.431
4510,5710,51498490,0.442
4510,5860,52851340,0.458
4510,6010,54204190,0.469
4510,6160,55557040,0.475
4510,6310,56909890,0.486
4510,6460,58262740,0.493
4510,6610,59615590,0.513
4510,6760,60968440,0.515
4510,6910,62321290,0.534
4510,7060,63674140,0.538
4510,7210,65026990,0.547
4510,7360,66379840,0.555
4510,7510,67732690,0.568
4510,7660,69085540,0.578
4510,7810,70438390,0.589
4510,7960,71791240,0.598
4510,8110,73144090,0.614
4660,10,93190,0.059
4660,160,1491040,0.051
4660,310,2888890,0.064
4660,460,4286740,0.075
4660,610,5684590,0.085
4660,760,7082440,0.097
4660,910,8480290,0.118
4660,1060,9878140,0.12
4660,1210,11275990,0.135
4660,1360,12673840,0.145
4660,1510,14071690,0.154
4660,1660,15469540,0.164
4660,1810,16867390,0.174
4660,1960,18265240,0.186
4660,2110,19663090,0.198
4660,2260,21060940,0.209
4660,2410,22458790,0.218
4660,2560,23856640,0.235
4660,2710,25254490,0.237
4660,2860,26652340,0.25
4660,3010,28050190,0.268
4660,3160,29448040,0.271
4660,3310,30845890,0.283
4660,3460,32243740,0.292
4660,3610,33641590,0.305
4660,3760,35039440,0.314
4660,3910,36437290,0.323
4660,4060,37835140,0.337
4660,4210,39232990,0.349
4660,4360,40630840,0.359
4660,4510,42028690,0.376
4660,4660,43426540,0.377
4660,4810,44824390,0.392
4660,4960,46222240,0.41
4660,5110,47620090,0.418
4660,5260,49017940,0.43
4660,5410,50415790,0.439
4660,5560,51813640,0.448
4660,5710,53211490,0.456
4660,5860,54609340,0.472
4660,6010,56007190,0.481
4660,6160,57405040,0.487
4660,6310,58802890,0.497
4660,6460,60200740,0.506
4660,6610,61598590,0.518
4660,6760,62996440,0.529
4660,6910,64394290,0.548
4660,7060,65792140,0.551
4660,7210,67189990,0.564
4660,7360,68587840,0.575
4660,7510,69985690,0.583
4660,7660,71383540,0.595
4660,7810,72781390,0.608
4660,7960,74179240,0.615
4660,8110,75577090,0.626
4810,10,96190,0.056
4810,160,1539040,0.055
4810,310,2981890,0.074
4810,460,4424740,0.074
4810,610,5867590,0.086
4810,760,7310440,0.098
4810,910,8753290,0.112
4810,1060,10196140,0.121
4810,1210,11638990,0.141
4810,1360,13081840,0.145
4810,1510,14524690,0.156
4810,1660,15967540,0.169
4810,1810,17410390,0.184
4810,1960,18853240,0.202
4810,2110,20296090,0.202
4810,2260,21738940,0.212
4810,2410,23181790,0.224
4810,2560,24624640,0.234
4810,2710,26067490,0.245
4810,2860,27510340,0.257
4810,3010,28953190,0.268
4810,3160,30396040,0.281
4810,3310,31838890,0.305
4810,3460,33281740,0.3
4810,3610,34724590,0.312
4810,3760,36167440,0.324
4810,3910,37610290,0.335
4810,4060,39053140,0.346
4810,4210,40495990,0.36
4810,4360,41938840,0.375
4810,4510,43381690,0.384
4810,4660,44824540,0.397
4810,4810,46267390,0.4
4810,4960,47710240,0.415
4810,5110,49153090,0.422
4810,5260,50595940,0.435
4810,5410,52038790,0.449
4810,5560,53481640,0.462
4810,5710,54924490,0.473
4810,5860,56367340,0.482
4810,6010,57810190,0.49
4810,6160,59253040,0.502
4810,6310,60695890,0.527
4810,6460,62138740,0.529
4810,6610,63581590,0.54
4810,6760,65024440,0.547
4810,6910,66467290,0.561
4810,7060,67910140,0.568
4810,7210,69352990,0.58
4810,7360,70795840,0.593
4810,7510,72238690,0.606
4810,7660,73681540,0.613
4810,7810,75124390,0.633
4810,7960,76567240,0.638
4810,8110,78010090,0.647
4960,10,99190,0.06
4960,160,1587040,0.077
4960,310,3074890,0.064
4960,460,4562740,0.09
4960,610,6050590,0.088
4960,760,7538440,0.101
4960,910,9026290,0.119
4960,1060,10514140,0.123
4960,1210,12001990,0.136
4960,1360,13489840,0.156
4960,1510,14977690,0.159
4960,1660,16465540,0.171
4960,1810,17953390,0.178
4960,1960,19441240,0.194
4960,2110,20929090,0.202
4960,2260,22416940,0.214
4960,2410,23904790,0.224
4960,2560,25392640,0.236
4960,2710,26880490,0.248
4960,2860,28368340,0.267
4960,3010,29856190,0.278
4960,3160,31344040,0.281
4960,3310,32831890,0.302
4960,3460,34319740,0.314
4960,3610,35807590,0.316
4960,3760,37295440,0.327
4960,3910,38783290,0.34
4960,4060,40271140,0.361
4960,4210,41758990,0.359
4960,4360,43246840,0.371
4960,4510,44734690,0.383
4960,4660,46222540,0.4
4960,4810,47710390,0.407
4960,4960,49198240,0.419
4960,5110,50686090,0.431
4960,5260,52173940,0.443
4960,5410,53661790,0.449
4960,5560,55149640,0.465
4960,5710,56637490,0.472
4960,5860,58125340,0.482
4960,6010,59613190,0.494
4960,6160,61101040,0.504
4960,6310,62588890,0.516
4960,6460,64076740,0.531
4960,6610,65564590,0.537
4960,6760,67052440,0.572
4960,6910,68540290,0.561
4960,7060,70028140,0.572
4960,7210,71515990,0.583
4960,7360,73003840,0.6
4960,7510,74491690,0.613
4960,7660,75979540,0.618
4960,7810,77467390,0.627
4960,7960,78955240,0.64
4960,8110,80443090,0.649
5110,10,102190,0.055
5110,160,1635040,0.085
5110,310,3167890,0.067
5110,460,4700740,0.08
5110,610,6233590,0.092
5110,760,7766440,0.105
5110,910,9299290,0.124
5110,1060,10832140,0.134
5110,1210,12364990,0.146
5110,1360,13897840,0.157
5110,1510,15430690,0.173
5110,1660,16963540,0.182
5110,1810,18496390,0.192
5110,1960,20029240,0.205
5110,2110,21562090,0.226
5110,2260,23094940,0.232
5110,2410,24627790,0.242
5110,2560,26160640,0.253
5110,2710,27693490,0.267
5110,2860,29226340,0.278
5110,3010,30759190,0.291
5110,3160,32292040,0.318
5110,3310,33824890,0.314
5110,3460,35357740,0.327
5110,3610,36890590,0.341
5110,3760,38423440,0.352
5110,3910,39956290,0.364
5110,4060,41489140,0.376
5110,4210,43021990,0.387
5110,4360,44554840,0.4
5110,4510,46087690,0.421
5110,4660,47620540,0.429
5110,4810,49153390,0.443
5110,4960,50686240,0.458
5110,5110,52219090,0.467
5110,5260,53751940,0.472
5110,5410,55284790,0.489
5110,5560,56817640,0.497
5110,5710,58350490,0.509
5110,5860,59883340,0.526
5110,6010,61416190,0.534
5110,6160,62949040,0.546
5110,6310,64481890,0.56
5110,6460,66014740,0.575
5110,6610,67547590,0.582
5110,6760,69080440,0.594
5110,6910,70613290,0.606
5110,7060,72146140,0.624
5110,7210,73678990,0.636
5110,7360,75211840,0.644
5110,7510,76744690,0.658
5110,7660,78277540,0.668
5110,7810,79810390,0.68
5110,7960,81343240,0.693
5110,8110,82876090,0.704
5260,10,105190,0.057
5260,160,1683040,0.053
5260,310,3260890,0.065
5260,460,4838740,0.096
5260,610,6416590,0.091
5260,760,7994440,0.106
5260,910,9572290,0.119
5260,1060,11150140,0.129
5260,1210,12727990,0.142
5260,1360,14305840,0.155
5260,1510,15883690,0.177
5260,1660,17461540,0.184
5260,1810,19039390,0.19
5260,1960,20617240,0.203
5260,2110,22195090,0.225
5260,2260,23772940,0.228
5260,2410,25350790,0.242
5260,2560,26928640,0.252
5260,2710,28506490,0.269
5260,2860,30084340,0.276
5260,3010,31662190,0.289
5260,3160,33240040,0.3
5260,3310,34817890,0.314
5260,3460,36395740,0.324
5260,3610,37973590,0.339
5260,3760,39551440,0.354
5260,3910,41129290,0.367
5260,4060,42707140,0.377
5260,4210,44284990,0.392
5260,4360,45862840,0.397
5260,4510,47440690,0.409
5260,4660,49018540,0.431
5260,4810,50596390,0.434
5260,4960,52174240,0.452
5260,5110,53752090,0.468
5260,5260,55329940,0.474
5260,5410,56907790,0.481
5260,5560,58485640,0.501
5260,5710,60063490,0.508
5260,5860,61641340,0.52
5260,6010,63219190,0.532
5260,6160,64797040,0.542
5260,6310,66374890,0.555
5260,6460,67952740,0.568
5260,6610,69530590,0.579
5260,6760,71108440,0.594
5260,6910,72686290,0.607
5260,7060,74264140,0.621
5260,7210,75841990,0.628
5260,7360,77419840,0.647
5260,7510,78997690,0.651
5260,7660,80575540,0.664
5260,7810,82153390,0.684
5260,7960,83731240,0.688
5260,8110,85309090,0.709
5410,10,108190,0.056
5410,160,1731040,0.053
5410,310,3353890,0.07
5410,460,4976740,0.08
5410,610,6599590,0.094
5410,760,8222440,0.106
5410,910,9845290,0.124
5410,1060,11468140,0.133
5410,1210,13090990,0.147
5410,1360,14713840,0.17
5410,1510,16336690,0.172
5410,1660,17959540,0.187
5410,1810,19582390,0.216
5410,1960,21205240,0.214
5410,2110,22828090,0.22
5410,2260,24450940,0.234
5410,2410,26073790,0.245
5410,2560,27696640,0.275
5410,2710,29319490,0.28
5410,2860,30942340,0.285
5410,3010,32565190,0.296
5410,3160,34188040,0.314
5410,3310,35810890,0.327
5410,3460,37433740,0.334
5410,3610,39056590,0.347
5410,3760,40679440,0.36
5410,3910,42302290,0.37
5410,4060,43925140,0.386
5410,4210,45547990,0.406
5410,4360,47170840,0.409
5410,4510,48793690,0.425
5410,4660,50416540,0.437
5410,4810,52039390,0.446
5410,4960,53662240,0.459
5410,5110,55285090,0.472
5410,5260,56907940,0.485
5410,5410,58530790,0.499
5410,5560,60153640,0.514
5410,5710,61776490,0.521
5410,5860,63399340,0.536
5410,6010,65022190,0.545
5410,6160,66645040,0.56
5410,6310,68267890,0.573
5410,6460,69890740,0.588
5410,6610,71513590,0.602
5410,6760,73136440,0.609
5410,6910,74759290,0.624
5410,7060,76382140,0.636
5410,7210,78004990,0.647
5410,7360,79627840,0.658
5410,7510,81250690,0.671
5410,7660,82873540,0.683
5410,7810,84496390,0.696
5410,7960,86119240,0.71
5410,8110,87742090,0.72
5560,10,111190,0.054
5560,160,1779040,0.053
5560,310,3446890,0.068
5560,460,5114740,0.08
5560,610,6782590,0.095
5560,760,8450440,0.122
5560,910,10118290,0.123
5560,1060,11786140,0.136
5560,1210,13453990,0.155
5560,1360,15121840,0.165
5560,1510,16789690,0.182
5560,1660,18457540,0.198
5560,1810,20125390,0.2
5560,1960,21793240,0.215
5560,2110,23461090,0.227
5560,2260,25128940,0.241
5560,2410,26796790,0.253
5560,2560,28464640,0.264
5560,2710,30132490,0.28
5560,2860,31800340,0.305
5560,3010,33468190,0.313
5560,3160,35136040,0.317
5560,3310,36803890,0.333
5560,3460,38471740,0.354
5560,3610,40139590,0.359
5560,3760,41807440,0.368
5560,3910,43475290,0.381
5560,4060,45143140,0.394
5560,4210,46810990,0.407
5560,4360,48478840,0.421
5560,4510,50146690,0.434
5560,4660,51814540,0.445
5560,4810,53482390,0.458
5560,4960,55150240,0.475
5560,5110,56818090,0.482
5560,5260,58485940,0.497
5560,5410,60153790,0.511
5560,5560,61821640,0.528
5560,5710,63489490,0.535
5560,5860,65157340,0.548
5560,6010,66825190,0.561
5560,6160,68493040,0.58
5560,6310,70160890,0.593
5560,6460,71828740,0.6
5560,6610,73496590,0.613
5560,6760,75164440,0.627
5560,6910,76832290,0.639
5560,7060,78500140,0.649
5560,7210,80167990,0.665
5560,7360,81835840,0.677
5560,7510,83503690,0.697
5560,7660,85171540,0.702
5560,7810,86839390,0.722
5560,7960,88507240,0.728
5560,8110,90175090,0.745
5710,10,114190,0.055
5710,160,1827040,0.052
5710,310,3539890,0.081
5710,460,5252740,0.081
5710,610,6965590,0.099
5710,760,8678440,0.11
5710,910,10391290,0.123
5710,1060,12104140,0.135
5710,1210,13816990,0.15
5710,1360,15529840,0.164
5710,1510,17242690,0.177
5710,1660,18955540,0.201
5710,1810,20668390,0.207
5710,1960,22381240,0.218
5710,2110,24094090,0.23
5710,2260,25806940,0.244
5710,2410,27519790,0.271
5710,2560,29232640,0.277
5710,2710,30945490,0.283
5710,2860,32658340,0.296
5710,3010,34371190,0.311
5710,3160,36084040,0.325
5710,3310,37796890,0.335
5710,3460,39509740,0.358
5710,3610,41222590,0.363
5710,3760,42935440,0.382
5710,3910,44648290,0.389
5710,4060,46361140,0.404
5710,4210,48073990,0.423
5710,4360,49786840,0.429
5710,4510,51499690,0.448
5710,4660,53212540,0.463
5710,4810,54925390,0.468
5710,4960,56638240,0.482
5710,5110,58351090,0.496
5710,5260,60063940,0.511
5710,5410,61776790,0.525
5710,5560,63489640,0.534
5710,5710,65202490,0.548
5710,5860,66915340,0.56
5710,6010,68628190,0.572
5710,6160,70341040,0.588
5710,6310,72053890,0.6
5710,6460,73766740,0.621
5710,6610,75479590,0.626
5710,6760,77192440,0.639
5710,6910,78905290,0.653
5710,7060,80618140,0.671
5710,7210,82330990,0.678
5710,7360,84043840,0.692
5710,7510,85756690,0.706
5710,7660,87469540,0.718
5710,7810,89182390,0.733
5710,7960,90895240,0.744
5710,8110,92608090,0.759
5860,10,117190,0.056
5860,160,1875040,0.052
5860,310,3632890,0.067
5860,460,5390740,0.082
5860,610,7148590,0.097
5860,760,8906440,0.125
5860,910,10664290,0.132
5860,1060,12422140,0.139
5860,1210,14179990,0.153
5860,1360,15937840,0.168
5860,1510,17695690,0.181
5860,1660,19453540,0.197
5860,1810,21211390,0.213
5860,1960,22969240,0.223
5860,2110,24727090,0.239
5860,2260,26484940,0.253
5860,2410,28242790,0.269
5860,2560,30000640,0.278
5860,2710,31758490,0.292
5860,2860,33516340,0.305
5860,3010,35274190,0.325
5860,3160,37032040,0.336
5860,3310,38789890,0.345
5860,3460,40547740,0.358
5860,3610,42305590,0.374
5860,3760,44063440,0.39
5860,3910,45821290,0.408
5860,4060,47579140,0.418
5860,4210,49336990,0.438
5860,4360,51094840,0.44
5860,4510,52852690,0.458
5860,4660,54610540,0.47
5860,4810,56368390,0.49
5860,4960,58126240,0.499
5860,5110,59884090,0.507
5860,5260,61641940,0.523
5860,5410,63399790,0.536
5860,5560,65157640,0.548
5860,5710,66915490,0.562
5860,5860,68673340,0.574
5860,6010,70431190,0.59
5860,6160,72189040,0.604
5860,6310,73946890,0.618
5860,6460,75704740,0.636
5860,6610,77462590,0.643
5860,6760,79220440,0.658
5860,6910,80978290,0.671
5860,7060,82736140,0.688
5860,7210,84493990,0.696
5860,7360,86251840,0.712
5860,7510,88009690,0.724
5860,7660,89767540,0.74
5860,7810,91525390,0.754
5860,7960,93283240,0.764
5860,8110,95041090,0.777
6010,10,120190,0.054
6010,160,1923040,0.053
6010,310,3725890,0.068
6010,460,5528740,0.082
6010,610,7331590,0.096
6010,760,9134440,0.111
6010,910,10937290,0.127
6010,1060,12740140,0.143
6010,1210,14542990,0.171
6010,1360,16345840,0.178
6010,1510,18148690,0.197
6010,1660,19951540,0.203
6010,1810,21754390,0.212
6010,1960,23557240,0.227
6010,2110,25360090,0.24
6010,2260,27162940,0.255
6010,2410,28965790,0.269
6010,2560,30768640,0.3
6010,2710,32571490,0.298
6010,2860,34374340,0.318
6010,3010,36177190,0.324
6010,3160,37980040,0.336
6010,3310,39782890,0.352
6010,3460,41585740,0.371
6010,3610,43388590,0.378
6010,3760,45191440,0.4
6010,3910,46994290,0.411
6010,4060,48797140,0.428
6010,4210,50599990,0.438
6010,4360,52402840,0.45
6010,4510,54205690,0.473
6010,4660,56008540,0.477
6010,4810,57811390,0.49
6010,4960,59614240,0.508
6010,5110,61417090,0.518
6010,5260,63219940,0.532
6010,5410,65022790,0.547
6010,5560,66825640,0.558
6010,5710,68628490,0.578
6010,5860,70431340,0.586
6010,6010,72234190,0.6
6010,6160,74037040,0.614
6010,6310,75839890,0.63
6010,6460,77642740,0.645
6010,6610,79445590,0.658
6010,6760,81248440,0.67
6010,6910,83051290,0.684
6010,7060,84854140,0.701
6010,7210,86656990,0.711
6010,7360,88459840,0.73
6010,7510,90262690,0.76
6010,7660,92065540,0.769
6010,7810,93868390,0.781
6010,7960,95671240,0.782
6010,8110,97474090,0.794
6160,10,123190,0.055
6160,160,1971040,0.051
6160,310,3818890,0.08
6160,460,5666740,0.085
6160,610,7514590,0.099
6160,760,9362440,0.114
6160,910,11210290,0.129
6160,1060,13058140,0.144
6160,1210,14905990,0.174
6160,1360,16753840,0.177
6160,1510,18601690,0.187
6160,1660,20449540,0.201
6160,1810,22297390,0.215
6160,1960,24145240,0.231
6160,2110,25993090,0.245
6160,2260,27840940,0.258
6160,2410,29688790,0.273
6160,2560,31536640,0.301
6160,2710,33384490,0.303
6160,2860,35232340,0.34
6160,3010,37080190,0.329
6160,3160,38928040,0.343
6160,3310,40775890,0.365
6160,3460,42623740,0.378
6160,3610,44471590,0.398
6160,3760,46319440,0.406
6160,3910,48167290,0.417
6160,4060,50015140,0.431
6160,4210,51862990,0.443
6160,4360,53710840,0.465
6160,4510,55558690,0.481
6160,4660,57406540,0.488
6160,4810,59254390,0.498
6160,4960,61102240,0.518
6160,5110,62950090,0.529
6160,5260,64797940,0.542
6160,5410,66645790,0.562
6160,5560,68493640,0.57
6160,5710,70341490,0.584
6160,5860,72189340,0.605
6160,6010,74037190,0.615
6160,6160,75885040,0.629
6160,6310,77732890,0.641
6160,6460,79580740,0.657
6160,6610,81428590,0.672
6160,6760,83276440,0.686
6160,6910,85124290,0.708
6160,7060,86972140,0.715
6160,7210,88819990,0.732
6160,7360,90667840,0.74
6160,7510,92515690,0.76
6160,7660,94363540,0.767
6160,7810,96211390,0.781
6160,7960,98059240,0.795
6160,8110,99907090,0.807
6310,10,126190,0.054
6310,160,2019040,0.074
6310,310,3911890,0.07
6310,460,5804740,0.084
6310,610,7697590,0.1
6310,760,9590440,0.114
6310,910,11483290,0.13
6310,1060,13376140,0.144
6310,1210,15268990,0.158
6310,1360,17161840,0.175
6310,1510,19054690,0.188
6310,1660,20947540,0.211
6310,1810,22840390,0.229
6310,1960,24733240,0.236
6310,2110,26626090,0.255
6310,2260,28518940,0.278
6310,2410,30411790,0.279
6310,2560,32304640,0.297
6310,2710,34197490,0.312
6310,2860,36090340,0.331
6310,3010,37983190,0.339
6310,3160,39876040,0.353
6310,3310,41768890,0.368
6310,3460,43661740,0.383
6310,3610,45554590,0.396
6310,3760,47447440,0.416
6310,3910,49340290,0.439
6310,4060,51233140,0.441
6310,4210,53125990,0.458
6310,4360,55018840,0.469
6310,4510,56911690,0.489
6310,4660,58804540,0.499
6310,4810,60697390,0.515
6310,4960,62590240,0.531
6310,5110,64483090,0.544
6310,5260,66375940,0.56
6310,5410,68268790,0.57
6310,5560,70161640,0.586
6310,5710,72054490,0.609
6310,5860,73947340,0.625
6310,6010,75840190,0.629
6310,6160,77733040,0.644
6310,6310,79625890,0.659
6310,6460,81518740,0.676
6310,6610,83411590,0.689
6310,6760,85304440,0.702
6310,6910,87197290,0.72
6310,7060,89090140,0.733
6310,7210,90982990,0.748
6310,7360,92875840,0.758
6310,7510,94768690,0.771
6310,7660,96661540,0.785
6310,7810,98554390,0.802
6310,7960,100447240,0.816
6310,8110,102340090,0.827
6460,10,129190,0.055
6460,160,2067040,0.074
6460,310,4004890,0.069
6460,460,5942740,0.084
6460,610,7880590,0.108
6460,760,9818440,0.117
6460,910,11756290,0.133
6460,1060,13694140,0.146
6460,1210,15631990,0.161
6460,1360,17569840,0.176
6460,1510,19507690,0.199
6460,1660,21445540,0.223
6460,1810,23383390,0.224
6460,1960,25321240,0.241
6460,2110,27259090,0.256
6460,2260,29196940,0.271
6460,2410,31134790,0.29
6460,2560,33072640,0.3
6460,2710,35010490,0.317
6460,2860,36948340,0.331
6460,3010,38886190,0.345
6460,3160,40824040,0.364
6460,3310,42761890,0.376
6460,3460,44699740,0.396
6460,3610,46637590,0.424
6460,3760,48575440,0.422
6460,3910,50513290,0.438
6460,4060,52451140,0.457
6460,4210,54388990,0.473
6460,4360,56326840,0.486
6460,4510,58264690,0.499
6460,4660,60202540,0.509
6460,4810,62140390,0.526
6460,4960,64078240,0.54
6460,5110,66016090,0.555
6460,5260,67953940,0.57
6460,5410,69891790,0.584
6460,5560,71829640,0.603
6460,5710,73767490,0.616
6460,5860,75705340,0.629
6460,6010,77643190,0.645
6460,6160,79581040,0.659
6460,6310,81518890,0.68
6460,6460,83456740,0.688
6460,6610,85394590,0.704
6460,6760,87332440,0.719
6460,6910,89270290,0.733
6460,7060,91208140,0.749
6460,7210,93145990,0.762
6460,7360,95083840,0.778
6460,7510,97021690,0.793
6460,7660,98959540,0.806
6460,7810,100897390,0.817
6460,7960,102835240,0.836
6460,8110,104773090,0.852
6610,10,132190,0.058
6610,160,2115040,0.07
6610,310,4097890,0.074
6610,460,6080740,0.088
6610,610,8063590,0.114
6610,760,10046440,0.123
6610,910,12029290,0.139
6610,1060,14012140,0.163
6610,1210,15994990,0.17
6610,1360,17977840,0.185
6610,1510,19960690,0.201
6610,1660,21943540,0.219
6610,1810,23926390,0.239
6610,1960,25909240,0.246
6610,2110,27892090,0.265
6610,2260,29874940,0.28
6610,2410,31857790,0.294
6610,2560,33840640,0.308
6610,2710,35823490,0.323
6610,2860,37806340,0.339
6610,3010,39789190,0.356
6610,3160,41772040,0.374
6610,3310,43754890,0.39
6610,3460,45737740,0.405
6610,3610,47720590,0.418
6610,3760,49703440,0.43
6610,3910,51686290,0.444
6610,4060,53669140,0.466
6610,4210,55651990,0.474
6610,4360,57634840,0.489
6610,4510,59617690,0.51
6610,4660,61600540,0.52
6610,4810,63583390,0.537
6610,4960,65566240,0.551
6610,5110,67549090,0.567
6610,5260,69531940,0.59
6610,5410,71514790,0.596
6610,5560,73497640,0.613
6610,5710,75480490,0.633
6610,5860,77463340,0.643
6610,6010,79446190,0.658
6610,6160,81429040,0.676
6610,6310,83411890,0.689
6610,6460,85394740,0.705
6610,6610,87377590,0.72
6610,6760,89360440,0.733
6610,6910,91343290,0.75
6610,7060,93326140,0.764
6610,7210,95308990,0.78
6610,7360,97291840,0.794
6610,7510,99274690,0.811
6610,7660,101257540,0.821
6610,7810,103240390,0.834
6610,7960,105223240,0.853
6610,8110,107206090,0.863
6760,10,135190,0.055
6760,160,2163040,0.049
6760,310,4190890,0.069
6760,460,6218740,0.085
6760,610,8246590,0.1
6760,760,10274440,0.116
6760,910,12302290,0.136
6760,1060,14330140,0.156
6760,1210,16357990,0.172
6760,1360,18385840,0.186
6760,1510,20413690,0.207
6760,1660,22441540,0.222
6760,1810,24469390,0.24
6760,1960,26497240,0.301
6760,2110,28525090,0.267
6760,2260,30552940,0.282
6760,2410,32580790,0.307
6760,2560,34608640,0.32
6760,2710,36636490,0.327
6760,2860,38664340,0.353
6760,3010,40692190,0.359
6760,3160,42720040,0.375
6760,3310,44747890,0.393
6760,3460,46775740,0.414
6760,3610,48803590,0.423
6760,3760,50831440,0.442
6760,3910,52859290,0.467
6760,4060,54887140,0.47
6760,4210,56914990,0.491
6760,4360,58942840,0.5
6760,4510,60970690,0.516
6760,4660,62998540,0.532
6760,4810,65026390,0.546
6760,4960,67054240,0.574
6760,5110,69082090,0.581
6760,5260,71109940,0.592
6760,5410,73137790,0.612
6760,5560,75165640,0.627
6760,5710,77193490,0.64
6760,5860,79221340,0.659
6760,6010,81249190,0.671
6760,6160,83277040,0.693
6760,6310,85304890,0.706
6760,6460,87332740,0.72
6760,6610,89360590,0.739
6760,6760,91388440,0.751
6760,6910,93416290,0.765
6760,7060,95444140,0.785
6760,7210,97471990,0.797
6760,7360,99499840,0.809
6760,7510,101527690,0.833
6760,7660,103555540,0.844
6760,7810,105583390,0.857
6760,7960,107611240,0.876
6760,8110,109639090,0.881
6910,10,138190,0.055
6910,160,2211040,0.054
6910,310,4283890,0.072
6910,460,6356740,0.089
6910,610,8429590,0.102
6910,760,10502440,0.12
6910,910,12575290,0.145
6910,1060,14648140,0.153
6910,1210,16720990,0.186
6910,1360,18793840,0.191
6910,1510,20866690,0.212
6910,1660,22939540,0.225
6910,1810,25012390,0.241
6910,1960,27085240,0.257
6910,2110,29158090,0.281
6910,2260,31230940,0.289
6910,2410,33303790,0.309
6910,2560,35376640,0.324
6910,2710,37449490,0.344
6910,2860,39522340,0.35
6910,3010,41595190,0.37
6910,3160,43668040,0.385
6910,3310,45740890,0.411
6910,3460,47813740,0.427
6910,3610,49886590,0.435
6910,3760,51959440,0.455
6910,3910,54032290,0.473
6910,4060,56105140,0.483
6910,4210,58177990,0.505
6910,4360,60250840,0.516
6910,4510,62323690,0.541
6910,4660,64396540,0.548
6910,4810,66469390,0.562
6910,4960,68542240,0.577
6910,5110,70615090,0.595
6910,5260,72687940,0.62
6910,5410,74760790,0.632
6910,5560,76833640,0.652
6910,5710,78906490,0.662
6910,5860,80979340,0.681
6910,6010,83052190,0.696
6910,6160,85125040,0.714
6910,6310,87197890,0.726
6910,6460,89270740,0.743
6910,6610,91343590,0.755
6910,6760,93416440,0.788
6910,6910,95489290,0.789
6910,7060,97562140,0.804
6910,7210,99634990,0.818
6910,7360,101707840,0.833
6910,7510,103780690,0.848
6910,7660,105853540,0.866
6910,7810,107926390,0.877
6910,7960,109999240,0.89
6910,8110,112072090,0.907
7060,10,141190,0.055
7060,160,2259040,0.052
7060,310,4376890,0.07
7060,460,6494740,0.086
7060,610,8612590,0.104
7060,760,10730440,0.121
7060,910,12848290,0.136
7060,1060,14966140,0.155
7060,1210,17083990,0.179
7060,1360,19201840,0.187
7060,1510,21319690,0.212
7060,1660,23437540,0.229
7060,1810,25555390,0.242
7060,1960,27673240,0.261
7060,2110,29791090,0.278
7060,2260,31908940,0.296
7060,2410,34026790,0.308
7060,2560,36144640,0.33
7060,2710,38262490,0.341
7060,2860,40380340,0.361
7060,3010,42498190,0.373
7060,3160,44616040,0.394
7060,3310,46733890,0.41
7060,3460,48851740,0.421
7060,3610,50969590,0.442
7060,3760,53087440,0.455
7060,3910,55205290,0.477
7060,4060,57323140,0.488
7060,4210,59440990,0.505
7060,4360,61558840,0.527
7060,4510,63676690,0.542
7060,4660,65794540,0.557
7060,4810,67912390,0.572
7060,4960,70030240,0.586
7060,5110,72148090,0.602
7060,5260,74265940,0.619
7060,5410,76383790,0.639
7060,5560,78501640,0.652
7060,5710,80619490,0.667
7060,5860,82737340,0.683
7060,6010,84855190,0.703
7060,6160,86973040,0.716
7060,6310,89090890,0.736
7060,6460,91208740,0.749
7060,6610,93326590,0.773
7060,6760,95444440,0.781
7060,6910,97562290,0.796
7060,7060,99680140,0.81
7060,7210,101797990,0.827
7060,7360,103915840,0.85
7060,7510,106033690,0.862
7060,7660,108151540,0.875
7060,7810,110269390,0.891
7060,7960,112387240,0.905
7060,8110,114505090,0.918
7210,10,144190,0.058
7210,160,2307040,0.054
7210,310,4469890,0.073
7210,460,6632740,0.088
7210,610,8795590,0.107
7210,760,10958440,0.123
7210,910,13121290,0.154
7210,1060,15284140,0.163
7210,1210,17446990,0.18
7210,1360,19609840,0.206
7210,1510,21772690,0.232
7210,1660,23935540,0.235
7210,1810,26098390,0.246
7210,1960,28261240,0.269
7210,2110,30424090,0.29
7210,2260,32586940,0.296
7210,2410,34749790,0.314
7210,2560,36912640,0.331
7210,2710,39075490,0.345
7210,2860,41238340,0.365
7210,3010,43401190,0.39
7210,3160,45564040,0.398
7210,3310,47726890,0.414
7210,3460,49889740,0.434
7210,3610,52052590,0.446
7210,3760,54215440,0.461
7210,3910,56378290,0.482
7210,4060,58541140,0.5
7210,4210,60703990,0.512
7210,4360,62866840,0.53
7210,4510,65029690,0.545
7210,4660,67192540,0.563
7210,4810,69355390,0.579
7210,4960,71518240,0.602
7210,5110,73681090,0.613
7210,5260,75843940,0.63
7210,5410,78006790,0.646
7210,5560,80169640,0.663
7210,5710,82332490,0.682
7210,5860,84495340,0.702
7210,6010,86658190,0.712
7210,6160,88821040,0.736
7210,6310,90983890,0.744
7210,6460,93146740,0.765
7210,6610,95309590,0.781
7210,6760,97472440,0.795
7210,6910,99635290,0.808
7210,7060,101798140,0.827
7210,7210,103960990,0.842
7210,7360,106123840,0.865
7210,7510,108286690,0.876
7210,7660,110449540,0.893
7210,7810,112612390,0.915
7210,7960,114775240,0.93
7210,8110,116938090,0.944
7360,10,147190,0.059
7360,160,2355040,0.061
7360,310,4562890,0.072
7360,460,6770740,0.093
7360,610,8978590,0.107
7360,760,11186440,0.125
7360,910,13394290,0.154
7360,1060,15602140,0.158
7360,1210,17809990,0.176
7360,1360,20017840,0.198
7360,1510,22225690,0.214
7360,1660,24433540,0.241
7360,1810,26641390,0.249
7360,1960,28849240,0.265
7360,2110,31057090,0.283
7360,2260,33264940,0.298
7360,2410,35472790,0.319
7360,2560,37680640,0.329
7360,2710,39888490,0.351
7360,2860,42096340,0.373
7360,3010,44304190,0.382
7360,3160,46512040,0.4
7360,3310,48719890,0.416
7360,3460,50927740,0.429
7360,3610,53135590,0.444
7360,3760,55343440,0.462
7360,3910,57551290,0.479
7360,4060,59759140,0.496
7360,4210,61966990,0.512
7360,4360,64174840,0.529
7360,4510,66382690,0.545
7360,4660,68590540,0.56
7360,4810,70798390,0.577
7360,4960,73006240,0.597
7360,5110,75214090,0.614
7360,5260,77421940,0.631
7360,5410,79629790,0.644
7360,5560,81837640,0.661
7360,5710,84045490,0.677
7360,5860,86253340,0.693
7360,6010,88461190,0.713
7360,6160,90669040,0.726
7360,6310,92876890,0.742
7360,6460,95084740,0.759
7360,6610,97292590,0.774
7360,6760,99500440,0.791
7360,6910,101708290,0.805
7360,7060,103916140,0.819
7360,7210,106123990,0.84
7360,7360,108331840,0.856
7360,7510,110539690,0.87
7360,7660,112747540,0.894
7360,7810,114955390,0.905
7360,7960,117163240,0.923
7360,8110,119371090,0.937
7510,10,150190,0.062
7510,160,2403040,0.077
7510,310,4655890,0.074
7510,460,6908740,0.089
7510,610,9161590,0.108
7510,760,11414440,0.126
7510,910,13667290,0.145
7510,1060,15920140,0.164
7510,1210,18172990,0.178
7510,1360,20425840,0.203
7510,1510,22678690,0.226
7510,1660,24931540,0.242
7510,1810,27184390,0.259
7510,1960,29437240,0.275
7510,2110,31690090,0.292
7510,2260,33942940,0.311
7510,2410,36195790,0.332
7510,2560,38448640,0.354
7510,2710,40701490,0.367
7510,2860,42954340,0.382
7510,3010,45207190,0.395
7510,3160,47460040,0.421
7510,3310,49712890,0.436
7510,3460,51965740,0.448
7510,3610,54218590,0.465
7510,3760,56471440,0.482
7510,3910,58724290,0.507
7510,4060,60977140,0.517
7510,4210,63229990,0.536
7510,4360,65482840,0.553
7510,4510,67735690,0.571
7510,4660,69988540,0.593
7510,4810,72241390,0.603
7510,4960,74494240,0.625
7510,5110,76747090,0.638
7510,5260,78999940,0.669
7510,5410,81252790,0.678
7510,5560,83505640,0.691
7510,5710,85758490,0.707
7510,5860,88011340,0.733
7510,6010,90264190,0.742
7510,6160,92517040,0.763
7510,6310,94769890,0.775
7510,6460,97022740,0.793
7510,6610,99275590,0.807
7510,6760,101528440,0.824
7510,6910,103781290,0.841
7510,7060,106034140,0.858
7510,7210,108286990,0.874
7510,7360,110539840,0.887
7510,7510,112792690,0.906
7510,7660,115045540,0.923
7510,7810,117298390,0.939
7510,7960,119551240,0.959
7510,8110,121804090,0.974
7660,10,153190,0.06
7660,160,2451040,0.058
7660,310,4748890,0.074
7660,460,7046740,0.096
7660,610,9344590,0.125
7660,760,11642440,0.133
7660,910,13940290,0.151
7660,1060,16238140,0.17
7660,1210,18535990,0.191
7660,1360,20833840,0.21
7660,1510,23131690,0.233
7660,1660,25429540,0.248
7660,1810,27727390,0.263
7660,1960,30025240,0.287
7660,2110,32323090,0.315
7660,2260,34620940,0.318
7660,2410,36918790,0.337
7660,2560,39216640,0.36
7660,2710,41514490,0.372
7660,2860,43812340,0.388
7660,3010,46110190,0.416
7660,3160,48408040,0.431
7660,3310,50705890,0.451
7660,3460,53003740,0.462
7660,3610,55301590,0.478
7660,3760,57599440,0.506
7660,3910,59897290,0.527
7660,4060,62195140,0.534
7660,4210,64492990,0.577
7660,4360,66790840,0.583
7660,4510,69088690,0.602
7660,4660,71386540,0.629
7660,4810,73684390,0.624
7660,4960,75982240,0.64
7660,5110,78280090,0.658
7660,5260,80577940,0.676
7660,5410,82875790,0.695
7660,5560,85173640,0.711
7660,5710,87471490,0.728
7660,5860,89769340,0.746
7660,6010,92067190,0.765
7660,6160,94365040,0.782
7660,6310,96662890,0.798
7660,6460,98960740,0.815
7660,6610,101258590,0.838
7660,6760,103556440,0.855
7660,6910,105854290,0.868
7660,7060,108152140,0.893
7660,7210,110449990,0.906
7660,7360,112747840,0.925
7660,7510,115045690,0.943
7660,7660,117343540,0.952
7660,7810,119641390,0.973
7660,7960,121939240,0.999
7660,8110,124237090,1.004
7810,10,156190,0.065
7810,160,2499040,0.055
7810,310,4841890,0.073
7810,460,7184740,0.092
7810,610,9527590,0.119
7810,760,11870440,0.131
7810,910,14213290,0.151
7810,1060,16556140,0.184
7810,1210,18898990,0.196
7810,1360,21241840,0.21
7810,1510,23584690,0.228
7810,1660,25927540,0.247
7810,1810,28270390,0.264
7810,1960,30613240,0.282
7810,2110,32956090,0.3
7810,2260,35298940,0.323
7810,2410,37641790,0.337
7810,2560,39984640,0.357
7810,2710,42327490,0.37
7810,2860,44670340,0.39
7810,3010,47013190,0.407
7810,3160,49356040,0.461
7810,3310,51698890,0.443
7810,3460,54041740,0.463
7810,3610,56384590,0.48
7810,3760,58727440,0.497
7810,3910,61070290,0.516
7810,4060,63413140,0.539
7810,4210,65755990,0.553
7810,4360,68098840,0.585
7810,4510,70441690,0.59
7810,4660,72784540,0.606
7810,4810,75127390,0.629
7810,4960,77470240,0.642
7810,5110,79813090,0.66
7810,5260,82155940,0.681
7810,5410,84498790,0.697
7810,5560,86841640,0.725
7810,5710,89184490,0.733
7810,5860,91527340,0.75
7810,6010,93870190,0.767
7810,6160,96213040,0.785
7810,6310,98555890,0.803
7810,6460,100898740,0.821
7810,6610,103241590,0.84
7810,6760,105584440,0.856
7810,6910,107927290,0.881
7810,7060,110270140,0.887
7810,7210,112612990,0.906
7810,7360,114955840,0.926
7810,7510,117298690,0.948
7810,7660,119641540,0.968
7810,7810,121984390,0.986
7810,7960,124327240,0.999
7810,8110,126670090,1.011
7960,10,159190,0.059
7960,160,2547040,0.056
7960,310,4934890,0.073
7960,460,7322740,0.093
7960,610,9710590,0.116
7960,760,12098440,0.131
7960,910,14486290,0.151
7960,1060,16874140,0.167
7960,1210,19261990,0.186
7960,1360,21649840,0.212
7960,1510,24037690,0.241
7960,1660,26425540,0.251
7960,1810,28813390,0.284
7960,1960,31201240,0.288
7960,2110,33589090,0.307
7960,2260,35976940,0.329
7960,2410,38364790,0.344
7960,2560,40752640,0.368
7960,2710,43140490,0.386
7960,2860,45528340,0.397
7960,3010,47916190,0.416
7960,3160,50304040,0.439
7960,3310,52691890,0.452
7960,3460,55079740,0.477
7960,3610,57467590,0.493
7960,3760,59855440,0.51
7960,3910,62243290,0.527
7960,4060,64631140,0.546
7960,4210,67018990,0.566
7960,4360,69406840,0.585
7960,4510,71794690,0.6
7960,4660,74182540,0.619
7960,4810,76570390,0.641
7960,4960,78958240,0.659
7960,5110,81346090,0.676
7960,5260,83733940,0.691
7960,5410,86121790,0.71
7960,5560,88509640,0.73
7960,5710,90897490,0.745
7960,5860,93285340,0.764
7960,6010,95673190,0.784
7960,6160,98061040,0.8
7960,6310,100448890,0.826
7960,6460,102836740,0.837
7960,6610,105224590,0.852
7960,6760,107612440,0.875
7960,6910,110000290,0.885
7960,7060,112388140,0.916
7960,7210,114775990,0.93
7960,7360,117163840,0.953
7960,7510,119551690,0.968
7960,7660,121939540,0.988
7960,7810,124327390,1.005
7960,7960,126715240,1.016
7960,8110,129103090,1.031
8110,10,162190,0.06
8110,160,2595040,0.082
8110,310,5027890,0.075
8110,460,7460740,0.095
8110,610,9893590,0.114
8110,760,12326440,0.134
8110,910,14759290,0.152
8110,1060,17192140,0.181
8110,1210,19624990,0.189
8110,1360,22057840,0.23
8110,1510,24490690,0.236
8110,1660,26923540,0.259
8110,1810,29356390,0.273
8110,1960,31789240,0.294
8110,2110,34222090,0.317
8110,2260,36654940,0.338
8110,2410,39087790,0.351
8110,2560,41520640,0.375
8110,2710,43953490,0.392
8110,2860,46386340,0.41
8110,3010,48819190,0.424
8110,3160,51252040,0.443
8110,3310,53684890,0.461
8110,3460,56117740,0.485
8110,3610,58550590,0.501
8110,3760,60983440,0.518
8110,3910,63416290,0.535
8110,4060,65849140,0.555
8110,4210,68281990,0.573
8110,4360,70714840,0.593
8110,4510,73147690,0.61
8110,4660,75580540,0.633
8110,4810,78013390,0.647
8110,4960,80446240,0.69
8110,5110,82879090,0.686
8110,5260,85311940,0.707
8110,5410,87744790,0.724
8110,5560,90177640,0.746
8110,5710,92610490,0.76
8110,5860,95043340,0.785
8110,6010,97476190,0.798
8110,6160,99909040,0.822
8110,6310,102341890,0.835
8110,6460,104774740,0.848
8110,6610,107207590,0.864
8110,6760,109640440,0.882
8110,6910,112073290,0.902
8110,7060,114506140,0.918
8110,7210,116938990,0.939
8110,7360,119371840,0.958
8110,7510,121804690,0.977
8110,7660,124237540,0.993
8110,7810,126670390,1.024
8110,7960,129103240,1.034
8110,8110,131536090,1.048
