HW,output,Cin,latency
224,56,3,0.102
224,56,33,0.384
224,56,63,0.52
224,56,93,0.725
224,56,123,0.935
224,56,153,1.251
224,56,183,1.443
224,56,213,1.614
224,56,243,1.834
224,56,273,2.009
224,56,303,2.171
224,56,333,2.377
224,56,363,2.597
224,56,393,2.801
224,56,423,2.945
224,56,453,3.233
224,56,483,3.402
224,56,513,3.592
224,56,543,3.728
224,56,573,3.967
224,56,603,4.148
224,56,633,4.37
224,56,663,4.554
224,56,693,7.006
224,56,723,7.278
224,56,753,7.831
224,56,783,7.741
224,56,813,8.16
224,56,843,8.621
224,56,873,8.549
224,56,903,8.99
224,56,933,9.59
224,56,963,9.624
224,56,993,9.645
224,56,1023,10.477
224,32,3,0.078
224,32,33,0.379
224,32,63,0.492
224,32,93,0.687
224,32,123,0.901
224,32,153,1.109
224,32,183,1.258
224,32,213,1.462
224,32,243,1.665
224,32,273,1.848
224,32,303,1.993
224,32,333,2.189
224,32,363,2.35
224,32,393,2.598
224,32,423,2.752
224,32,453,2.968
224,32,483,3.149
224,32,513,3.343
224,32,543,3.514
224,32,573,3.688
224,32,603,3.855
224,32,633,4.005
224,32,663,4.184
224,32,693,7.244
224,32,723,7.13
224,32,753,7.598
224,32,783,7.666
224,32,813,7.17
224,32,843,7.499
224,32,873,7.955
224,32,903,7.612
224,32,933,8.637
224,32,963,8.796
224,32,993,9.581
224,32,1023,9.75
224,28,3,0.085
224,28,33,0.394
224,28,63,0.501
224,28,93,0.698
224,28,123,0.911
224,28,153,1.107
224,28,183,1.259
224,28,213,1.455
224,28,243,1.669
224,28,273,1.861
224,28,303,2.005
224,28,333,2.208
224,28,363,2.389
224,28,393,2.56
224,28,423,2.82
224,28,453,2.885
224,28,483,3.109
224,28,513,3.368
224,28,543,3.56
224,28,573,3.691
224,28,603,3.912
224,28,633,4.094
224,28,663,4.258
224,28,693,7.24
224,28,723,6.406
224,28,753,7.364
224,28,783,7.85
224,28,813,7.741
224,28,843,7.89
224,28,873,7.958
224,28,903,8.031
224,28,933,8.339
224,28,963,8.562
224,28,993,8.681
224,28,1023,10.383
224,27,3,0.086
224,27,33,0.497
224,27,63,0.642
224,27,93,0.922
224,27,123,1.207
224,27,153,1.488
224,27,183,1.689
224,27,213,1.938
224,27,243,2.216
224,27,273,2.489
224,27,303,2.651
224,27,333,2.94
224,27,363,3.183
224,27,393,3.447
224,27,423,3.656
224,27,453,4.062
224,27,483,4.151
224,27,513,4.411
224,27,543,4.681
224,27,573,4.933
224,27,603,5.203
224,27,633,5.52
224,27,663,5.75
224,27,693,8.432
224,27,723,7.937
224,27,753,8.908
224,27,783,8.95
224,27,813,8.839
224,27,843,8.995
224,27,873,9.769
224,27,903,10.254
224,27,933,11.071
224,27,963,12.137
224,27,993,11.984
224,27,1023,11.963
224,14,3,0.089
224,14,33,0.38
224,14,63,0.625
224,14,93,0.922
224,14,123,1.201
224,14,153,1.502
224,14,183,1.721
224,14,213,2.017
224,14,243,2.255
224,14,273,2.509
224,14,303,2.727
224,14,333,2.943
224,14,363,3.274
224,14,393,3.471
224,14,423,3.654
224,14,453,4.009
224,14,483,4.146
224,14,513,4.405
224,14,543,4.615
224,14,573,4.884
224,14,603,5.447
224,14,633,5.441
224,14,663,5.584
224,14,693,8.211
224,14,723,8.253
224,14,753,8.425
224,14,783,8.815
224,14,813,9.1
224,14,843,9.952
224,14,873,9.236
224,14,903,9.995
224,14,933,10.147
224,14,963,11.123
224,14,993,11.051
224,14,1023,11.668
224,13,3,0.086
224,13,33,0.427
224,13,63,0.713
224,13,93,1.07
224,13,123,1.423
224,13,153,1.775
224,13,183,2.068
224,13,213,2.363
224,13,243,2.667
224,13,273,2.991
224,13,303,3.171
224,13,333,3.55
224,13,363,3.852
224,13,393,4.063
224,13,423,4.313
224,13,453,4.619
224,13,483,4.995
224,13,513,5.225
224,13,543,5.476
224,13,573,5.822
224,13,603,6.078
224,13,633,6.353
224,13,663,6.616
224,13,693,8.602
224,13,723,8.709
224,13,753,8.906
224,13,783,9.691
224,13,813,9.283
224,13,843,9.803
224,13,873,10.547
224,13,903,10.259
224,13,933,10.741
224,13,963,11.212
224,13,993,11.392
224,13,1023,12.014
224,8,3,0.1
224,8,33,0.437
224,8,63,0.706
224,8,93,1.116
224,8,123,1.473
224,8,153,1.882
224,8,183,2.152
224,8,213,2.531
224,8,243,2.825
224,8,273,3.179
224,8,303,3.409
224,8,333,3.719
224,8,363,4.055
224,8,393,4.381
224,8,423,4.66
224,8,453,4.984
224,8,483,5.296
224,8,513,5.551
224,8,543,5.785
224,8,573,6.148
224,8,603,6.49
224,8,633,6.959
224,8,663,7.229
224,8,693,9.073
224,8,723,8.91
224,8,753,9.222
224,8,783,9.622
224,8,813,9.687
224,8,843,10.292
224,8,873,10.679
224,8,903,11.175
224,8,933,11.619
224,8,963,13.423
224,8,993,12.539
224,8,1023,14.498
224,7,3,0.102
224,7,33,0.577
224,7,63,0.92
224,7,93,1.319
224,7,123,1.757
224,7,153,2.058
224,7,183,2.559
224,7,213,2.709
224,7,243,3.122
224,7,273,3.657
224,7,303,3.845
224,7,333,4.631
224,7,363,4.39
224,7,393,4.925
224,7,423,5.36
224,7,453,5.798
224,7,483,5.911
224,7,513,6
224,7,543,6.519
224,7,573,6.301
224,7,603,7.108
224,7,633,7.892
224,7,663,8.584
224,7,693,10.801
224,7,723,11.035
224,7,753,11.38
224,7,783,11.277
224,7,813,11.085
224,7,843,11.503
224,7,873,11.968
224,7,903,12.13
224,7,933,12.806
224,7,963,13.474
224,7,993,12.952
224,7,1023,12.564
224,6,3,0.101
224,6,33,0.457
224,6,63,0.742
224,6,93,1.218
224,6,123,1.593
224,6,153,2.146
224,6,183,2.632
224,6,213,2.873
224,6,243,3.049
224,6,273,3.271
224,6,303,3.662
224,6,333,4.082
224,6,363,4.415
224,6,393,4.799
224,6,423,4.929
224,6,453,5.529
224,6,483,5.87
224,6,513,6.099
224,6,543,6.389
224,6,573,6.897
224,6,603,7.06
224,6,633,7.443
224,6,663,7.938
224,6,693,9.367
224,6,723,10.455
224,6,753,9.895
224,6,783,10.043
224,6,813,10.335
224,6,843,10.905
224,6,873,11.347
224,6,903,11.514
224,6,933,12.792
224,6,963,12.452
224,6,993,12.597
224,6,1023,12.882
224,1,3,0.085
224,1,33,0.145
224,1,63,0.233
224,1,93,0.403
224,1,123,0.543
224,1,153,0.677
224,1,183,0.798
224,1,213,0.925
224,1,243,1.061
224,1,273,1.239
224,1,303,1.295
224,1,333,1.376
224,1,363,1.511
224,1,393,1.605
224,1,423,1.73
224,1,453,1.827
224,1,483,1.933
224,1,513,2.058
224,1,543,2.177
224,1,573,2.264
224,1,603,2.391
224,1,633,2.492
224,1,663,2.582
224,1,693,3.826
224,1,723,3.566
224,1,753,3.68
224,1,783,3.926
224,1,813,3.973
224,1,843,4.12
224,1,873,4.271
224,1,903,4.243
224,1,933,4.46
224,1,963,4.711
224,1,993,4.798
224,1,1023,4.923
112,56,3,0.061
112,56,33,0.145
112,56,63,0.219
112,56,93,0.291
112,56,123,0.388
112,56,153,0.554
112,56,183,0.54
112,56,213,0.618
112,56,243,0.712
112,56,273,0.785
112,56,303,0.849
112,56,333,0.935
112,56,363,1.014
112,56,393,1.095
112,56,423,1.16
112,56,453,1.219
112,56,483,1.419
112,56,513,1.505
112,56,543,1.495
112,56,573,1.527
112,56,603,1.614
112,56,633,1.697
112,56,663,1.768
112,56,693,1.484
112,56,723,1.819
112,56,753,1.897
112,56,783,1.934
112,56,813,1.7
112,56,843,2.094
112,56,873,2.159
112,56,903,2.239
112,56,933,2.308
112,56,963,2.375
112,56,993,2.439
112,56,1023,2.119
112,32,3,0.053
112,32,33,0.195
112,32,63,0.254
112,32,93,0.288
112,32,123,0.409
112,32,153,0.502
112,32,183,0.471
112,32,213,0.555
112,32,243,0.598
112,32,273,0.666
112,32,303,0.73
112,32,333,0.788
112,32,363,0.86
112,32,393,0.999
112,32,423,1.083
112,32,453,1.128
112,32,483,1.22
112,32,513,1.28
112,32,543,1.333
112,32,573,1.395
112,32,603,1.468
112,32,633,1.532
112,32,663,1.593
112,32,693,1.658
112,32,723,1.725
112,32,753,1.769
112,32,783,1.855
112,32,813,1.926
112,32,843,1.953
112,32,873,2.028
112,32,903,2.103
112,32,933,2.247
112,32,963,2.237
112,32,993,2.304
112,32,1023,2.346
112,28,3,0.054
112,28,33,0.188
112,28,63,0.259
112,28,93,0.323
112,28,123,0.341
112,28,153,0.438
112,28,183,0.385
112,28,213,0.442
112,28,243,0.494
112,28,273,0.561
112,28,303,0.591
112,28,333,0.659
112,28,363,0.713
112,28,393,0.755
112,28,423,0.792
112,28,453,0.845
112,28,483,0.903
112,28,513,1.03
112,28,543,1.069
112,28,573,1.127
112,28,603,1.172
112,28,633,1.258
112,28,663,1.297
112,28,693,1.327
112,28,723,1.386
112,28,753,1.434
112,28,783,1.484
112,28,813,1.563
112,28,843,1.578
112,28,873,1.638
112,28,903,1.684
112,28,933,1.736
112,28,963,1.758
112,28,993,1.811
112,28,1023,1.85
112,27,3,0.052
112,27,33,0.185
112,27,63,0.268
112,27,93,0.339
112,27,123,0.457
112,27,153,0.55
112,27,183,0.532
112,27,213,0.61
112,27,243,0.688
112,27,273,0.791
112,27,303,0.844
112,27,333,0.933
112,27,363,1.012
112,27,393,1.104
112,27,423,1.15
112,27,453,1.229
112,27,483,1.289
112,27,513,1.391
112,27,543,1.481
112,27,573,1.575
112,27,603,1.661
112,27,633,1.773
112,27,663,1.791
112,27,693,1.894
112,27,723,1.963
112,27,753,2.011
112,27,783,2.144
112,27,813,2.178
112,27,843,2.258
112,27,873,2.305
112,27,903,2.387
112,27,933,2.464
112,27,963,2.516
112,27,993,2.646
112,27,1023,2.69
112,14,3,0.053
112,14,33,0.11
112,14,63,0.28
112,14,93,0.263
112,14,123,0.375
112,14,153,0.429
112,14,183,0.379
112,14,213,0.429
112,14,243,0.49
112,14,273,0.54
112,14,303,0.601
112,14,333,0.638
112,14,363,0.687
112,14,393,0.748
112,14,423,0.875
112,14,453,0.974
112,14,483,1.023
112,14,513,0.98
112,14,543,0.995
112,14,573,1.045
112,14,603,1.102
112,14,633,1.26
112,14,663,1.22
112,14,693,1.232
112,14,723,1.43
112,14,753,1.403
112,14,783,1.378
112,14,813,1.447
112,14,843,1.484
112,14,873,1.527
112,14,903,1.57
112,14,933,1.621
112,14,963,1.695
112,14,993,1.733
112,14,1023,1.79
112,13,3,0.049
112,13,33,0.143
112,13,63,0.244
112,13,93,0.31
112,13,123,0.388
112,13,153,0.544
112,13,183,0.493
112,13,213,0.565
112,13,243,0.632
112,13,273,0.712
112,13,303,0.767
112,13,333,0.849
112,13,363,0.927
112,13,393,0.996
112,13,423,1.058
112,13,453,1.134
112,13,483,1.177
112,13,513,1.321
112,13,543,1.317
112,13,573,1.418
112,13,603,1.484
112,13,633,1.527
112,13,663,1.574
112,13,693,1.638
112,13,723,1.721
112,13,753,1.793
112,13,783,1.836
112,13,813,1.915
112,13,843,2.031
112,13,873,2.089
112,13,903,2.105
112,13,933,2.176
112,13,963,2.237
112,13,993,2.305
112,13,1023,2.385
112,8,3,0.05
112,8,33,0.131
112,8,63,0.186
112,8,93,0.246
112,8,123,0.313
112,8,153,0.483
112,8,183,0.48
112,8,213,0.566
112,8,243,0.592
112,8,273,0.682
112,8,303,0.737
112,8,333,0.806
112,8,363,0.877
112,8,393,0.975
112,8,423,1.024
112,8,453,1.027
112,8,483,1.079
112,8,513,1.149
112,8,543,1.208
112,8,573,1.271
112,8,603,1.322
112,8,633,1.389
112,8,663,1.44
112,8,693,1.502
112,8,723,1.606
112,8,753,1.643
112,8,783,1.683
112,8,813,1.751
112,8,843,1.806
112,8,873,1.883
112,8,903,1.922
112,8,933,1.959
112,8,963,2.015
112,8,993,2.091
112,8,1023,2.165
112,7,3,0.047
112,7,33,0.138
112,7,63,0.199
112,7,93,0.26
112,7,123,0.333
112,7,153,0.404
112,7,183,0.47
112,7,213,0.535
112,7,243,0.62
112,7,273,0.687
112,7,303,0.762
112,7,333,0.811
112,7,363,0.915
112,7,393,0.984
112,7,423,1.027
112,7,453,1.111
112,7,483,1.187
112,7,513,1.256
112,7,543,1.311
112,7,573,1.402
112,7,603,1.45
112,7,633,1.517
112,7,663,1.577
112,7,693,1.64
112,7,723,1.72
112,7,753,1.768
112,7,783,1.807
112,7,813,1.884
112,7,843,1.966
112,7,873,2.039
112,7,903,2.106
112,7,933,2.153
112,7,963,2.209
112,7,993,2.287
112,7,1023,2.342
112,6,3,0.054
112,6,33,0.148
112,6,63,0.213
112,6,93,0.289
112,6,123,0.362
112,6,153,0.446
112,6,183,0.502
112,6,213,0.592
112,6,243,0.673
112,6,273,0.756
112,6,303,0.843
112,6,333,0.929
112,6,363,1.002
112,6,393,1.087
112,6,423,1.141
112,6,453,1.232
112,6,483,1.295
112,6,513,1.385
112,6,543,1.462
112,6,573,1.549
112,6,603,1.592
112,6,633,1.68
112,6,663,1.731
112,6,693,1.792
112,6,723,1.88
112,6,753,1.961
112,6,783,2.029
112,6,813,2.122
112,6,843,2.193
112,6,873,2.231
112,6,903,2.341
112,6,933,2.375
112,6,963,2.418
112,6,993,2.503
112,6,1023,2.572
112,1,3,0.043
112,1,33,0.074
112,1,63,0.104
112,1,93,0.116
112,1,123,0.132
112,1,153,0.153
112,1,183,0.17
112,1,213,0.206
112,1,243,0.233
112,1,273,0.255
112,1,303,0.317
112,1,333,0.353
112,1,363,0.396
112,1,393,0.428
112,1,423,0.478
112,1,453,0.498
112,1,483,0.524
112,1,513,0.578
112,1,543,0.599
112,1,573,0.629
112,1,603,0.668
112,1,633,0.687
112,1,663,0.719
112,1,693,0.765
112,1,723,0.788
112,1,753,0.819
112,1,783,0.858
112,1,813,0.891
112,1,843,0.913
112,1,873,0.939
112,1,903,0.977
112,1,933,1.02
112,1,963,1.034
112,1,993,1.06
112,1,1023,1.092
56,56,3,0.057
56,56,33,0.112
56,56,63,0.178
56,56,93,0.224
56,56,123,0.323
56,56,153,0.38
56,56,183,0.422
56,56,213,0.466
56,56,243,0.528
56,56,273,0.575
56,56,303,0.621
56,56,333,0.668
56,56,363,0.736
56,56,393,0.794
56,56,423,0.839
56,56,453,0.892
56,56,483,0.961
56,56,513,1.029
56,56,543,1.065
56,56,573,1.13
56,56,603,1.187
56,56,633,1.248
56,56,663,1.298
56,56,693,0.958
56,56,723,1.291
56,56,753,1.345
56,56,783,1.393
56,56,813,1.443
56,56,843,1.518
56,56,873,1.567
56,56,903,1.601
56,56,933,1.652
56,56,963,1.727
56,56,993,1.885
56,56,1023,1.826
56,32,3,0.034
56,32,33,0.122
56,32,63,0.197
56,32,93,0.21
56,32,123,0.22
56,32,153,0.284
56,32,183,0.321
56,32,213,0.372
56,32,243,0.391
56,32,273,0.396
56,32,303,0.465
56,32,333,0.489
56,32,363,0.546
56,32,393,0.58
56,32,423,0.653
56,32,453,0.687
56,32,483,0.706
56,32,513,0.754
56,32,543,0.831
56,32,573,0.86
56,32,603,0.901
56,32,633,0.975
56,32,663,0.991
56,32,693,0.938
56,32,723,0.976
56,32,753,1.001
56,32,783,1.037
56,32,813,1.084
56,32,843,1.118
56,32,873,1.173
56,32,903,1.213
56,32,933,1.22
56,32,963,1.27
56,32,993,1.34
56,32,1023,1.345
56,28,3,0.041
56,28,33,0.121
56,28,63,0.152
56,28,93,0.162
56,28,123,0.205
56,28,153,0.18
56,28,183,0.237
56,28,213,0.282
56,28,243,0.309
56,28,273,0.299
56,28,303,0.308
56,28,333,0.396
56,28,363,0.337
56,28,393,0.382
56,28,423,0.453
56,28,453,0.413
56,28,483,0.426
56,28,513,0.6
56,28,543,0.499
56,28,573,0.536
56,28,603,0.582
56,28,633,0.611
56,28,663,0.605
56,28,693,0.54
56,28,723,0.555
56,28,753,0.573
56,28,783,0.612
56,28,813,0.618
56,28,843,0.639
56,28,873,0.664
56,28,903,0.693
56,28,933,0.7
56,28,963,0.727
56,28,993,0.754
56,28,1023,0.787
56,27,3,0.04
56,27,33,0.153
56,27,63,0.205
56,27,93,0.22
56,27,123,0.238
56,27,153,0.259
56,27,183,0.409
56,27,213,0.307
56,27,243,0.436
56,27,273,0.42
56,27,303,0.505
56,27,333,0.444
56,27,363,0.486
56,27,393,0.622
56,27,423,0.585
56,27,453,0.616
56,27,483,0.659
56,27,513,0.638
56,27,543,0.787
56,27,573,0.786
56,27,603,0.863
56,27,633,0.966
56,27,663,0.934
56,27,693,0.875
56,27,723,0.905
56,27,753,0.965
56,27,783,0.974
56,27,813,1.018
56,27,843,1.062
56,27,873,1.093
56,27,903,1.134
56,27,933,1.155
56,27,963,1.21
56,27,993,1.243
56,27,1023,1.288
56,14,3,0.038
56,14,33,0.078
56,14,63,0.136
56,14,93,0.146
56,14,123,0.214
56,14,153,0.198
56,14,183,0.217
56,14,213,0.215
56,14,243,0.308
56,14,273,0.257
56,14,303,0.304
56,14,333,0.358
56,14,363,0.27
56,14,393,0.411
56,14,423,0.326
56,14,453,0.369
56,14,483,0.368
56,14,513,0.396
56,14,543,0.371
56,14,573,0.385
56,14,603,0.467
56,14,633,0.443
56,14,663,0.501
56,14,693,0.412
56,14,723,0.399
56,14,753,0.416
56,14,783,0.42
56,14,813,0.432
56,14,843,0.44
56,14,873,0.472
56,14,903,0.492
56,14,933,0.489
56,14,963,0.509
56,14,993,0.504
56,14,1023,0.532
56,13,3,0.032
56,13,33,0.086
56,13,63,0.171
56,13,93,0.167
56,13,123,0.246
56,13,153,0.298
56,13,183,0.26
56,13,213,0.264
56,13,243,0.335
56,13,273,0.294
56,13,303,0.369
56,13,333,0.318
56,13,363,0.391
56,13,393,0.357
56,13,423,0.458
56,13,453,0.475
56,13,483,0.469
56,13,513,0.448
56,13,543,0.562
56,13,573,0.493
56,13,603,0.501
56,13,633,0.557
56,13,663,0.588
56,13,693,0.485
56,13,723,0.497
56,13,753,0.525
56,13,783,0.532
56,13,813,0.612
56,13,843,0.583
56,13,873,0.628
56,13,903,0.656
56,13,933,0.658
56,13,963,0.682
56,13,993,0.67
56,13,1023,0.737
56,8,3,0.032
56,8,33,0.079
56,8,63,0.085
56,8,93,0.099
56,8,123,0.118
56,8,153,0.196
56,8,183,0.287
56,8,213,0.324
56,8,243,0.294
56,8,273,0.335
56,8,303,0.289
56,8,333,0.354
56,8,363,0.439
56,8,393,0.368
56,8,423,0.408
56,8,453,0.378
56,8,483,0.416
56,8,513,0.399
56,8,543,0.445
56,8,573,0.488
56,8,603,0.527
56,8,633,0.49
56,8,663,0.548
56,8,693,0.354
56,8,723,0.36
56,8,753,0.374
56,8,783,0.39
56,8,813,0.404
56,8,843,0.415
56,8,873,0.425
56,8,903,0.441
56,8,933,0.457
56,8,963,0.473
56,8,993,0.495
56,8,1023,0.503
56,7,3,0.029
56,7,33,0.085
56,7,63,0.086
56,7,93,0.1
56,7,123,0.113
56,7,153,0.122
56,7,183,0.213
56,7,213,0.227
56,7,243,0.244
56,7,273,0.277
56,7,303,0.283
56,7,333,0.334
56,7,363,0.303
56,7,393,0.362
56,7,423,0.369
56,7,453,0.397
56,7,483,0.474
56,7,513,0.395
56,7,543,0.422
56,7,573,0.505
56,7,603,0.485
56,7,633,0.479
56,7,663,0.484
56,7,693,0.367
56,7,723,0.36
56,7,753,0.386
56,7,783,0.394
56,7,813,0.408
56,7,843,0.437
56,7,873,0.439
56,7,903,0.444
56,7,933,0.473
56,7,963,0.481
56,7,993,0.494
56,7,1023,0.5
56,6,3,0.034
56,6,33,0.076
56,6,63,0.102
56,6,93,0.107
56,6,123,0.128
56,6,153,0.153
56,6,183,0.16
56,6,213,0.181
56,6,243,0.26
56,6,273,0.353
56,6,303,0.326
56,6,333,0.346
56,6,363,0.371
56,6,393,0.407
56,6,423,0.404
56,6,453,0.405
56,6,483,0.408
56,6,513,0.446
56,6,543,0.457
56,6,573,0.469
56,6,603,0.501
56,6,633,0.505
56,6,663,0.55
56,6,693,0.436
56,6,723,0.452
56,6,753,0.473
56,6,783,0.487
56,6,813,0.504
56,6,843,0.528
56,6,873,0.538
56,6,903,0.549
56,6,933,0.579
56,6,963,0.593
56,6,993,0.614
56,6,1023,0.628
56,1,3,0.007
56,1,33,0.052
56,1,63,0.059
56,1,93,0.065
56,1,123,0.07
56,1,153,0.081
56,1,183,0.096
56,1,213,0.107
56,1,243,0.106
56,1,273,0.108
56,1,303,0.11
56,1,333,0.117
56,1,363,0.123
56,1,393,0.127
56,1,423,0.129
56,1,453,0.132
56,1,483,0.134
56,1,513,0.14
56,1,543,0.138
56,1,573,0.139
56,1,603,0.144
56,1,633,0.154
56,1,663,0.158
56,1,693,0.157
56,1,723,0.167
56,1,753,0.187
56,1,783,0.247
56,1,813,0.184
56,1,843,0.186
56,1,873,0.198
56,1,903,0.207
56,1,933,0.215
56,1,963,0.227
56,1,993,0.239
56,1,1023,0.282
32,32,3,0.035
32,32,33,0.063
32,32,63,0.09
32,32,93,0.127
32,32,123,0.123
32,32,153,0.143
32,32,183,0.168
32,32,213,0.185
32,32,243,0.196
32,32,273,0.223
32,32,303,0.23
32,32,333,0.242
32,32,363,0.259
32,32,393,0.318
32,32,423,0.336
32,32,453,0.35
32,32,483,0.367
32,32,513,0.398
32,32,543,0.404
32,32,573,0.434
32,32,603,0.445
32,32,633,0.462
32,32,663,0.481
32,32,693,0.491
32,32,723,0.515
32,32,753,0.537
32,32,783,0.549
32,32,813,0.567
32,32,843,0.581
32,32,873,0.596
32,32,903,0.606
32,32,933,0.638
32,32,963,0.658
32,32,993,0.696
32,32,1023,0.677
32,28,3,0.033
32,28,33,0.057
32,28,63,0.086
32,28,93,0.138
32,28,123,0.135
32,28,153,0.163
32,28,183,0.16
32,28,213,0.181
32,28,243,0.209
32,28,273,0.236
32,28,303,0.242
32,28,333,0.261
32,28,363,0.262
32,28,393,0.352
32,28,423,0.305
32,28,453,0.31
32,28,483,0.355
32,28,513,0.407
32,28,543,0.405
32,28,573,0.424
32,28,603,0.436
32,28,633,0.454
32,28,663,0.464
32,28,693,0.497
32,28,723,0.541
32,28,753,0.53
32,28,783,0.584
32,28,813,0.587
32,28,843,0.582
32,28,873,0.605
32,28,903,0.632
32,28,933,0.664
32,28,963,0.687
32,28,993,0.69
32,28,1023,0.721
32,27,3,0.025
32,27,33,0.087
32,27,63,0.099
32,27,93,0.131
32,27,123,0.135
32,27,153,0.15
32,27,183,0.167
32,27,213,0.19
32,27,243,0.201
32,27,273,0.248
32,27,303,0.255
32,27,333,0.259
32,27,363,0.271
32,27,393,0.3
32,27,423,0.328
32,27,453,0.346
32,27,483,0.35
32,27,513,0.406
32,27,543,0.413
32,27,573,0.464
32,27,603,0.445
32,27,633,0.481
32,27,663,0.521
32,27,693,0.562
32,27,723,0.539
32,27,753,0.563
32,27,783,0.574
32,27,813,0.592
32,27,843,0.601
32,27,873,0.648
32,27,903,0.645
32,27,933,0.69
32,27,963,0.683
32,27,993,0.723
32,27,1023,0.725
32,14,3,0.024
32,14,33,0.052
32,14,63,0.084
32,14,93,0.101
32,14,123,0.114
32,14,153,0.134
32,14,183,0.135
32,14,213,0.158
32,14,243,0.156
32,14,273,0.165
32,14,303,0.186
32,14,333,0.185
32,14,363,0.188
32,14,393,0.224
32,14,423,0.219
32,14,453,0.253
32,14,483,0.237
32,14,513,0.248
32,14,543,0.279
32,14,573,0.264
32,14,603,0.258
32,14,633,0.298
32,14,663,0.301
32,14,693,0.302
32,14,723,0.353
32,14,753,0.353
32,14,783,0.424
32,14,813,0.473
32,14,843,0.458
32,14,873,0.391
32,14,903,0.363
32,14,933,0.383
32,14,963,0.4
32,14,993,0.391
32,14,1023,0.389
32,13,3,0.036
32,13,33,0.058
32,13,63,0.083
32,13,93,0.103
32,13,123,0.113
32,13,153,0.132
32,13,183,0.133
32,13,213,0.147
32,13,243,0.146
32,13,273,0.172
32,13,303,0.169
32,13,333,0.205
32,13,363,0.194
32,13,393,0.194
32,13,423,0.25
32,13,453,0.23
32,13,483,0.228
32,13,513,0.278
32,13,543,0.313
32,13,573,0.281
32,13,603,0.271
32,13,633,0.319
32,13,663,0.304
32,13,693,0.298
32,13,723,0.328
32,13,753,0.327
32,13,783,0.346
32,13,813,0.358
32,13,843,0.377
32,13,873,0.366
32,13,903,0.365
32,13,933,0.382
32,13,963,0.417
32,13,993,0.42
32,13,1023,0.438
32,8,3,0.021
32,8,33,0.05
32,8,63,0.062
32,8,93,0.068
32,8,123,0.084
32,8,153,0.115
32,8,183,0.127
32,8,213,0.127
32,8,243,0.143
32,8,273,0.14
32,8,303,0.175
32,8,333,0.141
32,8,363,0.155
32,8,393,0.211
32,8,423,0.19
32,8,453,0.205
32,8,483,0.174
32,8,513,0.19
32,8,543,0.2
32,8,573,0.227
32,8,603,0.239
32,8,633,0.241
32,8,663,0.236
32,8,693,0.234
32,8,723,0.278
32,8,753,0.275
32,8,783,0.239
32,8,813,0.233
32,8,843,0.253
32,8,873,0.234
32,8,903,0.242
32,8,933,0.309
32,8,963,0.272
32,8,993,0.296
32,8,1023,0.337
32,7,3,0.034
32,7,33,0.048
32,7,63,0.063
32,7,93,0.082
32,7,123,0.082
32,7,153,0.09
32,7,183,0.126
32,7,213,0.139
32,7,243,0.136
32,7,273,0.136
32,7,303,0.14
32,7,333,0.147
32,7,363,0.148
32,7,393,0.183
32,7,423,0.2
32,7,453,0.184
32,7,483,0.228
32,7,513,0.217
32,7,543,0.206
32,7,573,0.244
32,7,603,0.253
32,7,633,0.257
32,7,663,0.279
32,7,693,0.256
32,7,723,0.291
32,7,753,0.309
32,7,783,0.3
32,7,813,0.271
32,7,843,0.3
32,7,873,0.318
32,7,903,0.351
32,7,933,0.316
32,7,963,0.348
32,7,993,0.358
32,7,1023,0.361
32,6,3,0.039
32,6,33,0.049
32,6,63,0.067
32,6,93,0.069
32,6,123,0.084
32,6,153,0.084
32,6,183,0.088
32,6,213,0.092
32,6,243,0.138
32,6,273,0.145
32,6,303,0.15
32,6,333,0.168
32,6,363,0.165
32,6,393,0.172
32,6,423,0.198
32,6,453,0.182
32,6,483,0.193
32,6,513,0.231
32,6,543,0.218
32,6,573,0.213
32,6,603,0.211
32,6,633,0.253
32,6,663,0.251
32,6,693,0.252
32,6,723,0.276
32,6,753,0.279
32,6,783,0.329
32,6,813,0.271
32,6,843,0.254
32,6,873,0.252
32,6,903,0.324
32,6,933,0.306
32,6,963,0.332
32,6,993,0.335
32,6,1023,0.349
32,1,3,0.006
32,1,33,0.048
32,1,63,0.055
32,1,93,0.059
32,1,123,0.058
32,1,153,0.059
32,1,183,0.06
32,1,213,0.064
32,1,243,0.061
32,1,273,0.066
32,1,303,0.065
32,1,333,0.068
32,1,363,0.069
32,1,393,0.078
32,1,423,0.075
32,1,453,0.085
32,1,483,0.089
32,1,513,0.104
32,1,543,0.102
32,1,573,0.107
32,1,603,0.104
32,1,633,0.095
32,1,663,0.095
32,1,693,0.098
32,1,723,0.102
32,1,753,0.101
32,1,783,0.103
32,1,813,0.105
32,1,843,0.109
32,1,873,0.109
32,1,903,0.109
32,1,933,0.114
32,1,963,0.115
32,1,993,0.118
32,1,1023,0.117
28,28,3,0.04
28,28,33,0.072
28,28,63,0.106
28,28,93,0.123
28,28,123,0.133
28,28,153,0.146
28,28,183,0.137
28,28,213,0.155
28,28,243,0.183
28,28,273,0.205
28,28,303,0.204
28,28,333,0.237
28,28,363,0.225
28,28,393,0.237
28,28,423,0.263
28,28,453,0.269
28,28,483,0.273
28,28,513,0.34
28,28,543,0.371
28,28,573,0.369
28,28,603,0.382
28,28,633,0.401
28,28,663,0.424
28,28,693,0.433
28,28,723,0.432
28,28,753,0.462
28,28,783,0.475
28,28,813,0.482
28,28,843,0.496
28,28,873,0.487
28,28,903,0.525
28,28,933,0.537
28,28,963,0.548
28,28,993,0.557
28,28,1023,0.578
28,27,3,0.037
28,27,33,0.085
28,27,63,0.095
28,27,93,0.146
28,27,123,0.12
28,27,153,0.139
28,27,183,0.152
28,27,213,0.172
28,27,243,0.184
28,27,273,0.2
28,27,303,0.219
28,27,333,0.229
28,27,363,0.234
28,27,393,0.287
28,27,423,0.29
28,27,453,0.3
28,27,483,0.324
28,27,513,0.338
28,27,543,0.367
28,27,573,0.391
28,27,603,0.411
28,27,633,0.431
28,27,663,0.451
28,27,693,0.47
28,27,723,0.49
28,27,753,0.485
28,27,783,0.519
28,27,813,0.525
28,27,843,0.537
28,27,873,0.565
28,27,903,0.576
28,27,933,0.594
28,27,963,0.606
28,27,993,0.642
28,27,1023,0.658
28,14,3,0.034
28,14,33,0.045
28,14,63,0.071
28,14,93,0.098
28,14,123,0.102
28,14,153,0.123
28,14,183,0.099
28,14,213,0.106
28,14,243,0.121
28,14,273,0.142
28,14,303,0.139
28,14,333,0.139
28,14,363,0.16
28,14,393,0.144
28,14,423,0.155
28,14,453,0.17
28,14,483,0.149
28,14,513,0.183
28,14,543,0.172
28,14,573,0.16
28,14,603,0.176
28,14,633,0.185
28,14,663,0.204
28,14,693,0.193
28,14,723,0.191
28,14,753,0.196
28,14,783,0.239
28,14,813,0.218
28,14,843,0.226
28,14,873,0.243
28,14,903,0.268
28,14,933,0.289
28,14,963,0.26
28,14,993,0.281
28,14,1023,0.245
28,13,3,0.034
28,13,33,0.052
28,13,63,0.09
28,13,93,0.086
28,13,123,0.108
28,13,153,0.135
28,13,183,0.129
28,13,213,0.151
28,13,243,0.141
28,13,273,0.154
28,13,303,0.148
28,13,333,0.179
28,13,363,0.203
28,13,393,0.174
28,13,423,0.175
28,13,453,0.242
28,13,483,0.193
28,13,513,0.219
28,13,543,0.226
28,13,573,0.238
28,13,603,0.224
28,13,633,0.26
28,13,663,0.273
28,13,693,0.268
28,13,723,0.269
28,13,753,0.292
28,13,783,0.3
28,13,813,0.321
28,13,843,0.301
28,13,873,0.294
28,13,903,0.321
28,13,933,0.317
28,13,963,0.323
28,13,993,0.331
28,13,1023,0.369
28,8,3,0.036
28,8,33,0.054
28,8,63,0.061
28,8,93,0.069
28,8,123,0.082
28,8,153,0.108
28,8,183,0.103
28,8,213,0.115
28,8,243,0.141
28,8,273,0.14
28,8,303,0.148
28,8,333,0.134
28,8,363,0.17
28,8,393,0.15
28,8,423,0.157
28,8,453,0.152
28,8,483,0.16
28,8,513,0.187
28,8,543,0.185
28,8,573,0.195
28,8,603,0.218
28,8,633,0.186
28,8,663,0.205
28,8,693,0.238
28,8,723,0.231
28,8,753,0.252
28,8,783,0.363
28,8,813,0.246
28,8,843,0.234
28,8,873,0.261
28,8,903,0.238
28,8,933,0.246
28,8,963,0.253
28,8,993,0.254
28,8,1023,0.316
28,7,3,0.036
28,7,33,0.043
28,7,63,0.056
28,7,93,0.071
28,7,123,0.071
28,7,153,0.085
28,7,183,0.124
28,7,213,0.131
28,7,243,0.109
28,7,273,0.141
28,7,303,0.125
28,7,333,0.152
28,7,363,0.126
28,7,393,0.13
28,7,423,0.149
28,7,453,0.151
28,7,483,0.144
28,7,513,0.196
28,7,543,0.179
28,7,573,0.192
28,7,603,0.188
28,7,633,0.216
28,7,663,0.216
28,7,693,0.232
28,7,723,0.215
28,7,753,0.201
28,7,783,0.215
28,7,813,0.254
28,7,843,0.205
28,7,873,0.22
28,7,903,0.241
28,7,933,0.246
28,7,963,0.244
28,7,993,0.214
28,7,1023,0.242
28,6,3,0.021
28,6,33,0.047
28,6,63,0.06
28,6,93,0.068
28,6,123,0.077
28,6,153,0.089
28,6,183,0.085
28,6,213,0.087
28,6,243,0.129
28,6,273,0.147
28,6,303,0.145
28,6,333,0.132
28,6,363,0.146
28,6,393,0.153
28,6,423,0.153
28,6,453,0.168
28,6,483,0.153
28,6,513,0.178
28,6,543,0.185
28,6,573,0.173
28,6,603,0.228
28,6,633,0.213
28,6,663,0.216
28,6,693,0.197
28,6,723,0.208
28,6,753,0.243
28,6,783,0.242
28,6,813,0.256
28,6,843,0.25
28,6,873,0.259
28,6,903,0.257
28,6,933,0.267
28,6,963,0.281
28,6,993,0.284
28,6,1023,0.275
28,1,3,0.006
28,1,33,0.008
28,1,63,0.049
28,1,93,0.056
28,1,123,0.053
28,1,153,0.055
28,1,183,0.061
28,1,213,0.063
28,1,243,0.06
28,1,273,0.06
28,1,303,0.06
28,1,333,0.063
28,1,363,0.064
28,1,393,0.065
28,1,423,0.067
28,1,453,0.07
28,1,483,0.068
28,1,513,0.076
28,1,543,0.08
28,1,573,0.082
28,1,603,0.083
28,1,633,0.093
28,1,663,0.099
28,1,693,0.095
28,1,723,0.099
28,1,753,0.097
28,1,783,0.098
28,1,813,0.096
28,1,843,0.094
28,1,873,0.096
28,1,903,0.097
28,1,933,0.099
28,1,963,0.101
28,1,993,0.106
28,1,1023,0.107
27,27,3,0.031
27,27,33,0.079
27,27,63,0.122
27,27,93,0.107
27,27,123,0.132
27,27,153,0.144
27,27,183,0.143
27,27,213,0.162
27,27,243,0.166
27,27,273,0.19
27,27,303,0.203
27,27,333,0.204
27,27,363,0.218
27,27,393,0.238
27,27,423,0.245
27,27,453,0.249
27,27,483,0.271
27,27,513,0.275
27,27,543,0.348
27,27,573,0.344
27,27,603,0.368
27,27,633,0.381
27,27,663,0.386
27,27,693,0.406
27,27,723,0.407
27,27,753,0.435
27,27,783,0.447
27,27,813,0.449
27,27,843,0.459
27,27,873,0.462
27,27,903,0.478
27,27,933,0.504
27,27,963,0.51
27,27,993,0.53
27,27,1023,0.531
27,14,3,0.037
27,14,33,0.056
27,14,63,0.088
27,14,93,0.094
27,14,123,0.105
27,14,153,0.126
27,14,183,0.133
27,14,213,0.134
27,14,243,0.158
27,14,273,0.156
27,14,303,0.174
27,14,333,0.187
27,14,363,0.178
27,14,393,0.18
27,14,423,0.217
27,14,453,0.229
27,14,483,0.218
27,14,513,0.247
27,14,543,0.261
27,14,573,0.271
27,14,603,0.265
27,14,633,0.286
27,14,663,0.32
27,14,693,0.319
27,14,723,0.3
27,14,753,0.309
27,14,783,0.315
27,14,813,0.323
27,14,843,0.342
27,14,873,0.341
27,14,903,0.341
27,14,933,0.346
27,14,963,0.361
27,14,993,0.368
27,14,1023,0.372
27,13,3,0.04
27,13,33,0.052
27,13,63,0.074
27,13,93,0.105
27,13,123,0.117
27,13,153,0.138
27,13,183,0.132
27,13,213,0.144
27,13,243,0.127
27,13,273,0.151
27,13,303,0.181
27,13,333,0.172
27,13,363,0.179
27,13,393,0.236
27,13,423,0.24
27,13,453,0.248
27,13,483,0.291
27,13,513,0.215
27,13,543,0.236
27,13,573,0.24
27,13,603,0.214
27,13,633,0.227
27,13,663,0.234
27,13,693,0.242
27,13,723,0.264
27,13,753,0.268
27,13,783,0.302
27,13,813,0.285
27,13,843,0.298
27,13,873,0.302
27,13,903,0.304
27,13,933,0.316
27,13,963,0.355
27,13,993,0.315
27,13,1023,0.376
27,8,3,0.024
27,8,33,0.049
27,8,63,0.064
27,8,93,0.077
27,8,123,0.082
27,8,153,0.106
27,8,183,0.12
27,8,213,0.129
27,8,243,0.13
27,8,273,0.124
27,8,303,0.13
27,8,333,0.147
27,8,363,0.149
27,8,393,0.143
27,8,423,0.14
27,8,453,0.142
27,8,483,0.192
27,8,513,0.173
27,8,543,0.184
27,8,573,0.212
27,8,603,0.199
27,8,633,0.202
27,8,663,0.198
27,8,693,0.222
27,8,723,0.245
27,8,753,0.267
27,8,783,0.259
27,8,813,0.259
27,8,843,0.258
27,8,873,0.271
27,8,903,0.252
27,8,933,0.255
27,8,963,0.292
27,8,993,0.299
27,8,1023,0.285
27,7,3,0.04
27,7,33,0.05
27,7,63,0.069
27,7,93,0.07
27,7,123,0.083
27,7,153,0.081
27,7,183,0.109
27,7,213,0.118
27,7,243,0.134
27,7,273,0.136
27,7,303,0.142
27,7,333,0.149
27,7,363,0.145
27,7,393,0.138
27,7,423,0.15
27,7,453,0.154
27,7,483,0.177
27,7,513,0.192
27,7,543,0.217
27,7,573,0.207
27,7,603,0.21
27,7,633,0.214
27,7,663,0.21
27,7,693,0.227
27,7,723,0.226
27,7,753,0.238
27,7,783,0.271
27,7,813,0.266
27,7,843,0.26
27,7,873,0.269
27,7,903,0.238
27,7,933,0.264
27,7,963,0.276
27,7,993,0.29
27,7,1023,0.292
27,6,3,0.035
27,6,33,0.043
27,6,63,0.059
27,6,93,0.066
27,6,123,0.073
27,6,153,0.081
27,6,183,0.088
27,6,213,0.078
27,6,243,0.125
27,6,273,0.129
27,6,303,0.126
27,6,333,0.141
27,6,363,0.136
27,6,393,0.142
27,6,423,0.15
27,6,453,0.137
27,6,483,0.147
27,6,513,0.148
27,6,543,0.174
27,6,573,0.17
27,6,603,0.209
27,6,633,0.212
27,6,663,0.188
27,6,693,0.217
27,6,723,0.227
27,6,753,0.209
27,6,783,0.221
27,6,813,0.236
27,6,843,0.217
27,6,873,0.253
27,6,903,0.25
27,6,933,0.289
27,6,963,0.246
27,6,993,0.24
27,6,1023,0.251
27,1,3,0.006
27,1,33,0.008
27,1,63,0.049
27,1,93,0.056
27,1,123,0.061
27,1,153,0.053
27,1,183,0.063
27,1,213,0.061
27,1,243,0.064
27,1,273,0.063
27,1,303,0.061
27,1,333,0.059
27,1,363,0.063
27,1,393,0.066
27,1,423,0.066
27,1,453,0.069
27,1,483,0.069
27,1,513,0.068
27,1,543,0.077
27,1,573,0.079
27,1,603,0.087
27,1,633,0.083
27,1,663,0.105
27,1,693,0.099
27,1,723,0.1
27,1,753,0.1
27,1,783,0.097
27,1,813,0.098
27,1,843,0.099
27,1,873,0.096
27,1,903,0.098
27,1,933,0.098
27,1,963,0.101
27,1,993,0.1
27,1,1023,0.103
14,14,3,0.039
14,14,33,0.03
14,14,63,0.06
14,14,93,0.069
14,14,123,0.07
14,14,153,0.088
14,14,183,0.078
14,14,213,0.094
14,14,243,0.089
14,14,273,0.094
14,14,303,0.108
14,14,333,0.11
14,14,363,0.119
14,14,393,0.116
14,14,423,0.134
14,14,453,0.123
14,14,483,0.137
14,14,513,0.148
14,14,543,0.142
14,14,573,0.15
14,14,603,0.146
14,14,633,0.149
14,14,663,0.138
14,14,693,0.151
14,14,723,0.141
14,14,753,0.156
14,14,783,0.143
14,14,813,0.15
14,14,843,0.155
14,14,873,0.163
14,14,903,0.176
14,14,933,0.175
14,14,963,0.19
14,14,993,0.187
14,14,1023,0.187
14,13,3,0.038
14,13,33,0.037
14,13,63,0.043
14,13,93,0.071
14,13,123,0.083
14,13,153,0.079
14,13,183,0.079
14,13,213,0.078
14,13,243,0.09
14,13,273,0.113
14,13,303,0.09
14,13,333,0.105
14,13,363,0.107
14,13,393,0.124
14,13,423,0.12
14,13,453,0.129
14,13,483,0.136
14,13,513,0.116
14,13,543,0.119
14,13,573,0.126
14,13,603,0.144
14,13,633,0.13
14,13,663,0.134
14,13,693,0.139
14,13,723,0.149
14,13,753,0.161
14,13,783,0.159
14,13,813,0.159
14,13,843,0.166
14,13,873,0.16
14,13,903,0.167
14,13,933,0.177
14,13,963,0.186
14,13,993,0.18
14,13,1023,0.179
14,8,3,0.034
14,8,33,0.038
14,8,63,0.051
14,8,93,0.051
14,8,123,0.056
14,8,153,0.059
14,8,183,0.071
14,8,213,0.093
14,8,243,0.101
14,8,273,0.105
14,8,303,0.108
14,8,333,0.086
14,8,363,0.115
14,8,393,0.096
14,8,423,0.097
14,8,453,0.092
14,8,483,0.113
14,8,513,0.11
14,8,543,0.129
14,8,573,0.126
14,8,603,0.118
14,8,633,0.13
14,8,663,0.139
14,8,693,0.154
14,8,723,0.14
14,8,753,0.145
14,8,783,0.125
14,8,813,0.137
14,8,843,0.137
14,8,873,0.127
14,8,903,0.155
14,8,933,0.135
14,8,963,0.157
14,8,993,0.148
14,8,1023,0.177
14,7,3,0.033
14,7,33,0.035
14,7,63,0.037
14,7,93,0.045
14,7,123,0.045
14,7,153,0.049
14,7,183,0.064
14,7,213,0.068
14,7,243,0.079
14,7,273,0.063
14,7,303,0.077
14,7,333,0.083
14,7,363,0.087
14,7,393,0.096
14,7,423,0.076
14,7,453,0.08
14,7,483,0.097
14,7,513,0.106
14,7,543,0.1
14,7,573,0.135
14,7,603,0.12
14,7,633,0.109
14,7,663,0.095
14,7,693,0.115
14,7,723,0.11
14,7,753,0.114
14,7,783,0.1
14,7,813,0.122
14,7,843,0.109
14,7,873,0.133
14,7,903,0.114
14,7,933,0.124
14,7,963,0.125
14,7,993,0.13
14,7,1023,0.122
14,6,3,0.037
14,6,33,0.034
14,6,63,0.049
14,6,93,0.046
14,6,123,0.054
14,6,153,0.058
14,6,183,0.068
14,6,213,0.063
14,6,243,0.09
14,6,273,0.091
14,6,303,0.108
14,6,333,0.084
14,6,363,0.101
14,6,393,0.109
14,6,423,0.12
14,6,453,0.104
14,6,483,0.117
14,6,513,0.116
14,6,543,0.108
14,6,573,0.117
14,6,603,0.122
14,6,633,0.11
14,6,663,0.129
14,6,693,0.13
14,6,723,0.117
14,6,753,0.12
14,6,783,0.129
14,6,813,0.131
14,6,843,0.13
14,6,873,0.133
14,6,903,0.133
14,6,933,0.127
14,6,963,0.134
14,6,993,0.15
14,6,1023,0.157
14,1,3,0.006
14,1,33,0.007
14,1,63,0.008
14,1,93,0.009
14,1,123,0.01
14,1,153,0.01
14,1,183,0.044
14,1,213,0.05
14,1,243,0.049
14,1,273,0.046
14,1,303,0.051
14,1,333,0.053
14,1,363,0.049
14,1,393,0.055
14,1,423,0.05
14,1,453,0.059
14,1,483,0.06
14,1,513,0.06
14,1,543,0.057
14,1,573,0.058
14,1,603,0.06
14,1,633,0.062
14,1,663,0.058
14,1,693,0.06
14,1,723,0.056
14,1,753,0.059
14,1,783,0.058
14,1,813,0.058
14,1,843,0.058
14,1,873,0.06
14,1,903,0.058
14,1,933,0.061
14,1,963,0.063
14,1,993,0.062
14,1,1023,0.065
13,13,3,0.038
13,13,33,0.054
13,13,63,0.069
13,13,93,0.065
13,13,123,0.067
13,13,153,0.085
13,13,183,0.079
13,13,213,0.086
13,13,243,0.101
13,13,273,0.107
13,13,303,0.096
13,13,333,0.099
13,13,363,0.103
13,13,393,0.107
13,13,423,0.111
13,13,453,0.108
13,13,483,0.127
13,13,513,0.125
13,13,543,0.133
13,13,573,0.132
13,13,603,0.135
13,13,633,0.132
13,13,663,0.14
13,13,693,0.142
13,13,723,0.148
13,13,753,0.132
13,13,783,0.151
13,13,813,0.136
13,13,843,0.139
13,13,873,0.141
13,13,903,0.15
13,13,933,0.146
13,13,963,0.159
13,13,993,0.156
13,13,1023,0.153
13,8,3,0.033
13,8,33,0.037
13,8,63,0.047
13,8,93,0.051
13,8,123,0.054
13,8,153,0.068
13,8,183,0.07
13,8,213,0.075
13,8,243,0.08
13,8,273,0.095
13,8,303,0.102
13,8,333,0.09
13,8,363,0.091
13,8,393,0.111
13,8,423,0.096
13,8,453,0.132
13,8,483,0.123
13,8,513,0.123
13,8,543,0.126
13,8,573,0.141
13,8,603,0.119
13,8,633,0.141
13,8,663,0.128
13,8,693,0.131
13,8,723,0.132
13,8,753,0.126
13,8,783,0.139
13,8,813,0.148
13,8,843,0.144
13,8,873,0.123
13,8,903,0.14
13,8,933,0.16
13,8,963,0.168
13,8,993,0.176
13,8,1023,0.158
13,7,3,0.041
13,7,33,0.038
13,7,63,0.042
13,7,93,0.048
13,7,123,0.056
13,7,153,0.06
13,7,183,0.077
13,7,213,0.075
13,7,243,0.076
13,7,273,0.08
13,7,303,0.094
13,7,333,0.084
13,7,363,0.088
13,7,393,0.105
13,7,423,0.097
13,7,453,0.1
13,7,483,0.107
13,7,513,0.116
13,7,543,0.133
13,7,573,0.12
13,7,603,0.126
13,7,633,0.132
13,7,663,0.117
13,7,693,0.115
13,7,723,0.124
13,7,753,0.136
13,7,783,0.125
13,7,813,0.133
13,7,843,0.136
13,7,873,0.135
13,7,903,0.133
13,7,933,0.137
13,7,963,0.128
13,7,993,0.142
13,7,1023,0.13
13,6,3,0.041
13,6,33,0.043
13,6,63,0.046
13,6,93,0.047
13,6,123,0.051
13,6,153,0.054
13,6,183,0.062
13,6,213,0.07
13,6,243,0.076
13,6,273,0.084
13,6,303,0.082
13,6,333,0.097
13,6,363,0.085
13,6,393,0.09
13,6,423,0.099
13,6,453,0.105
13,6,483,0.099
13,6,513,0.1
13,6,543,0.118
13,6,573,0.121
13,6,603,0.121
13,6,633,0.125
13,6,663,0.135
13,6,693,0.124
13,6,723,0.119
13,6,753,0.125
13,6,783,0.132
13,6,813,0.121
13,6,843,0.136
13,6,873,0.122
13,6,903,0.12
13,6,933,0.138
13,6,963,0.136
13,6,993,0.126
13,6,1023,0.131
13,1,3,0.006
13,1,33,0.007
13,1,63,0.008
13,1,93,0.009
13,1,123,0.01
13,1,153,0.011
13,1,183,0.011
13,1,213,0.051
13,1,243,0.045
13,1,273,0.049
13,1,303,0.049
13,1,333,0.052
13,1,363,0.05
13,1,393,0.056
13,1,423,0.05
13,1,453,0.056
13,1,483,0.061
13,1,513,0.062
13,1,543,0.059
13,1,573,0.054
13,1,603,0.058
13,1,633,0.058
13,1,663,0.059
13,1,693,0.06
13,1,723,0.059
13,1,753,0.061
13,1,783,0.061
13,1,813,0.058
13,1,843,0.061
13,1,873,0.062
13,1,903,0.059
13,1,933,0.061
13,1,963,0.062
13,1,993,0.061
13,1,1023,0.062
8,8,3,0.027
8,8,33,0.054
8,8,63,0.035
8,8,93,0.038
8,8,123,0.042
8,8,153,0.055
8,8,183,0.051
8,8,213,0.062
8,8,243,0.069
8,8,273,0.065
8,8,303,0.071
8,8,333,0.072
8,8,363,0.083
8,8,393,0.079
8,8,423,0.071
8,8,453,0.077
8,8,483,0.078
8,8,513,0.084
8,8,543,0.082
8,8,573,0.082
8,8,603,0.099
8,8,633,0.093
8,8,663,0.078
8,8,693,0.09
8,8,723,0.095
8,8,753,0.097
8,8,783,0.093
8,8,813,0.091
8,8,843,0.091
8,8,873,0.107
8,8,903,0.101
8,8,933,0.098
8,8,963,0.111
8,8,993,0.1
8,8,1023,0.109
8,7,3,0.025
8,7,33,0.043
8,7,63,0.037
8,7,93,0.039
8,7,123,0.033
8,7,153,0.059
8,7,183,0.067
8,7,213,0.061
8,7,243,0.062
8,7,273,0.071
8,7,303,0.057
8,7,333,0.063
8,7,363,0.076
8,7,393,0.077
8,7,423,0.073
8,7,453,0.086
8,7,483,0.079
8,7,513,0.08
8,7,543,0.089
8,7,573,0.082
8,7,603,0.091
8,7,633,0.088
8,7,663,0.095
8,7,693,0.083
8,7,723,0.097
8,7,753,0.081
8,7,783,0.089
8,7,813,0.095
8,7,843,0.093
8,7,873,0.091
8,7,903,0.103
8,7,933,0.089
8,7,963,0.087
8,7,993,0.108
8,7,1023,0.113
8,6,3,0.031
8,6,33,0.035
8,6,63,0.042
8,6,93,0.038
8,6,123,0.038
8,6,153,0.047
8,6,183,0.048
8,6,213,0.044
8,6,243,0.064
8,6,273,0.073
8,6,303,0.059
8,6,333,0.073
8,6,363,0.063
8,6,393,0.077
8,6,423,0.063
8,6,453,0.063
8,6,483,0.067
8,6,513,0.07
8,6,543,0.071
8,6,573,0.069
8,6,603,0.077
8,6,633,0.089
8,6,663,0.062
8,6,693,0.098
8,6,723,0.088
8,6,753,0.084
8,6,783,0.104
8,6,813,0.1
8,6,843,0.087
8,6,873,0.089
8,6,903,0.086
8,6,933,0.095
8,6,963,0.094
8,6,993,0.089
8,6,1023,0.084
8,1,3,0.006
8,1,33,0.007
8,1,63,0.008
8,1,93,0.008
8,1,123,0.009
8,1,153,0.01
8,1,183,0.01
8,1,213,0.011
8,1,243,0.012
8,1,273,0.012
8,1,303,0.013
8,1,333,0.013
8,1,363,0.014
8,1,393,0.015
8,1,423,0.015
8,1,453,0.016
8,1,483,0.017
8,1,513,0.065
8,1,543,0.064
8,1,573,0.06
8,1,603,0.059
8,1,633,0.065
8,1,663,0.058
8,1,693,0.06
8,1,723,0.056
8,1,753,0.057
8,1,783,0.056
8,1,813,0.063
8,1,843,0.056
8,1,873,0.063
8,1,903,0.06
8,1,933,0.059
8,1,963,0.062
8,1,993,0.055
8,1,1023,0.064
7,7,3,0.04
7,7,33,0.021
7,7,63,0.04
7,7,93,0.04
7,7,123,0.045
7,7,153,0.031
7,7,183,0.052
7,7,213,0.052
7,7,243,0.06
7,7,273,0.076
7,7,303,0.06
7,7,333,0.064
7,7,363,0.073
7,7,393,0.082
7,7,423,0.062
7,7,453,0.076
7,7,483,0.08
7,7,513,0.077
7,7,543,0.077
7,7,573,0.089
7,7,603,0.076
7,7,633,0.081
7,7,663,0.083
7,7,693,0.074
7,7,723,0.09
7,7,753,0.087
7,7,783,0.104
7,7,813,0.092
7,7,843,0.1
7,7,873,0.103
7,7,903,0.095
7,7,933,0.106
7,7,963,0.107
7,7,993,0.098
7,7,1023,0.102
7,6,3,0.041
7,6,33,0.037
7,6,63,0.046
7,6,93,0.037
7,6,123,0.046
7,6,153,0.041
7,6,183,0.042
7,6,213,0.059
7,6,243,0.068
7,6,273,0.065
7,6,303,0.077
7,6,333,0.058
7,6,363,0.076
7,6,393,0.072
7,6,423,0.072
7,6,453,0.074
7,6,483,0.072
7,6,513,0.071
7,6,543,0.071
7,6,573,0.07
7,6,603,0.068
7,6,633,0.084
7,6,663,0.074
7,6,693,0.079
7,6,723,0.074
7,6,753,0.08
7,6,783,0.092
7,6,813,0.091
7,6,843,0.1
7,6,873,0.082
7,6,903,0.087
7,6,933,0.084
7,6,963,0.084
7,6,993,0.092
7,6,1023,0.104
7,1,3,0.006
7,1,33,0.007
7,1,63,0.008
7,1,93,0.008
7,1,123,0.009
7,1,153,0.01
7,1,183,0.01
7,1,213,0.011
7,1,243,0.012
7,1,273,0.012
7,1,303,0.013
7,1,333,0.014
7,1,363,0.014
7,1,393,0.015
7,1,423,0.015
7,1,453,0.016
7,1,483,0.018
7,1,513,0.018
7,1,543,0.018
7,1,573,0.019
7,1,603,0.019
7,1,633,0.02
7,1,663,0.021
7,1,693,0.067
7,1,723,0.054
7,1,753,0.062
7,1,783,0.056
7,1,813,0.059
7,1,843,0.057
7,1,873,0.063
7,1,903,0.069
7,1,933,0.064
7,1,963,0.063
7,1,993,0.061
7,1,1023,0.064
1,1,3,0.006
1,1,33,0.006
1,1,63,0.006
1,1,93,0.006
1,1,123,0.006
1,1,153,0.006
1,1,183,0.007
1,1,213,0.006
1,1,243,0.007
1,1,273,0.006
1,1,303,0.006
1,1,333,0.006
1,1,363,0.006
1,1,393,0.007
1,1,423,0.006
1,1,453,0.007
1,1,483,0.007
1,1,513,0.006
1,1,543,0.007
1,1,573,0.007
1,1,603,0.007
1,1,633,0.007
1,1,663,0.007
1,1,693,0.007
1,1,723,0.007
1,1,753,0.007
1,1,783,0.007
1,1,813,0.007
1,1,843,0.007
1,1,873,0.007
1,1,903,0.007
1,1,933,0.007
1,1,963,0.007
1,1,993,0.007
1,1,1023,0.007
